filename,Propose EDA,Clarity Score,Analyze EDA Reason,Propose EDA Reason,Clarity Score reason,Targets,Analyze EDA,Design Targeted EDA,EDA,Include EDA,Design Targeted EDA Reason
IPSJ-EC2024020.txt,False,1,利用時にどのような感情反応が喚起されるかについての言及や分析がない。,ゲーム接続の目的は目標意識と身体動作の共有によるコミュニケーション促進であり，ユーザの感情状態を意図的に操作する設計ではない。,感情誘発のメカニズムや狙いが論じられておらず，EDAの要素が全く見られない。,,False,False,,False,この論文ではデザイン要件として特定の感情反応（例：興奮や一体感など）を明示的に定義していない。
IPSJ-EC2024026.txt,False,1,評価検証や成果の記述において、利用時に引き起こす感情的反応についての言及が一切ないため。,提案内容は彩色工程の効率化と時間短縮を狙った技術的アプローチであり、ユーザーの感情状態への影響を意図していないため。,感情誘発やユーザーの感じ方に関する記述はまったくなく、EDAの要素が存在しない。,,False,False,,False,この論文は自動彩色手法による労力削減を目的としており、ユーザーの感情体験を設計要件として明確に定義していないため。
IPSJ-EC2024018.txt,False,1,論文中に意図的に喚起すべき感情を議論する箇所はなく、ユーザーの感想として「楽しい」「気持ちが良い」とのテストプレイ時コメントがあるものの、期待される感情応答について体系的に論じられていないため。,提案システムの目的は視覚機能と打撃能力のトレーニングであり、ユーザーの感情状態を意図的に操作・誘発することを狙ったものではないため。,EDA（感情誘発機構）は研究の主題ではなく、設計要件にも議論にも含まれていない。,,False,False,,False,本研究は野球の打撃能力やスポーツビジョン向上を目的としており、ユーザーの感情体験（楽しさや達成感など）を設計要件として明示していないため。
IPSJ-EC2024004.txt,True,3,展示評価において，子供を中心に「止めずに回し続ける」「悔しがって再挑戦する」などの行動や，モチベーション向上・楽しさの定性的評価を報告している．,本デバイス＋ゲームによってユーザの運動モチベーションを喚起し，継続的に楽しませることを意図している．,ユーザモチベーションや楽しさを誘発することは論文全体の主題ではあるが，ターゲットとなる具体的感情があいまいであるため，EDAは主題であるものの不明瞭と言える．,content user,True,False,運動を継続的に行う，また正しく効果的に行うには，モチベーションの喚起や，目標の設定，動きの観察と修正を行うことが望ましい．;より多くの人々に新しい体験や，個々の事情にそった体験を提供でき，また運動のモチベーションとなりうる形態について考えた．,False,本稿では「モチベーションの喚起」や「新しい体験の提供」を掲げているが，その感情体験（楽しさや達成感など）が開発要件として具体的かつ明確に定義されてはいない．
IPSJ-EC2024020.txt,False,1,"There is no mention of expected user emotional reactions (such as joy or immersion), and the effectiveness of the game is discussed only in terms of communication facilitation.","It is not aimed at directly manipulating or changing users' emotional states, but rather at enhancing the quality of experience through shared goal awareness and physical movements across different games.","There is no discussion of emotion induction or feeling design/analysis, and no elements of EDA are recognized.",,False,False,,False,"In this paper, emotional and affective responses are not explicitly specified as design requirements, focusing instead on mechanics of game experience such as shared experiences and communication promotion."
IPSJ-EC2024026.txt,False,1,評価と検証の段階では、感情反応やユーザー体験の感覚について言及がなく、期待される感情効果の記述もないため。,提案された手法は作業時間の短縮や精度の向上を目指しており、ユーザーの感情状態を意図的に操作しようとするものではないため。,感情誘発や心理的効果に関する記述が一切なく、純粋に技術的なアルゴリズムの提案と評価に終始しているため。,,False,False,,False,この論文は色彩工程の自動化や労力削減などの技術的目的に特化しており、ユーザーの感情反応を設計要件として明示していないため。
IPSJ-EC2024018.txt,False,1,論文中で使用時にユーザーがどのような感情反応を抱くことを期待しているかについての言及がないため。,提案の目的は主にKVA動体視力や眼と手の協応動作など視覚機能のトレーニングであり、ユーザーの感情状態を意図的に操作・誘発することを狙っていないため。,EDA（感情誘発）は本研究の主題ではなく、一切扱われていないため。,,False,False,,False,本論文では訓練システムの設計要件としてユーザーの感情反応（例：楽しさ、達成感、没入感など）を明示的に定義していないため。
IPSJ-EC2024004.txt,True,2,展示評価では、論文はユーザーの反応や関与度、ゲーム設計がどのように動機付けを喚起し、プレイへのハードルを下げたかについて議論しており、参加者が経験した感情の分析を示している。,著者は、フープとデジタルゲームを組み合わせることが、運動の動機付けや魅力的な経験を提供する手段となり得ると明確に述べており、ユーザーの動機付けの状態に影響を与える意図を示している。,動機付けや関与については議論されているが、主な焦点はハードウェア、センシング、技術的評価にあり、感情反応の設計や分析を主要なテーマとしていない。,ゲームプレイヤー;ユーザー,True,False,運動のモチベーションを喚起しうる形態;運動継続のモチベーション;モチベーションの喚起;ゲームにより運動などのモチベーションを喚起するゲーミフィケーションの好例,False,この論文ではデバイスの特徴と応用について述べているが、具体的な感情反応（例：喜び、達成感）を具体的な設計要件として明示していない。一般的な目標である「新しい体験」や「動機付け」について言及しているだけであり、明確な定義はない。
IPSJ-EC2024020.txt,False,1,論文内において、使用時にどのような感情反応を引き出すことが期待されるかについての議論や記述が見られない。,提案手法は異なるゲーム間で共通のタスクと身体動作を保持して対戦体験を生むことを目的としており、ユーザーの感情状態を意図的に操作・誘発することを目指していない。,感情誘発メカニズム（EDA）についての言及や論点が一切なく、考察の対象にもなっていない。,,False,False,,False,本論文ではゲームの目標意識や身体動作の共有によるコミュニケーション機会の増大を謳っているが、ユーザーにどのような感情を抱かせるかをデザイン要件として具体的・明確に定義していない。
IPSJ-EC2024026.txt,False,1,論文には、システムがユーザーにどのような感情や感覚的反応を引き起こすことを期待しているかについての記述がありません。,提案されたコンテンツ（自動色付けシステム）は、アニメーターの労力と時間を削減することに焦点を当てており、ユーザーの感情状態に影響を与える意図はありません。,この論文には、感情や感覚的反応についての議論がなく、EDAに関する記述も一切ありません。,,False,False,,False,この論文は、技術的および性能の目標（精度、処理時間、手動作業の削減）を定義していますが、設計要件においてターゲットとした感覚的反応や感情状態を具体的に示していません。
IPSJ-EC2024018.txt,False,1,試合中のユーザーフィードバックでは、「打球感が良くて楽しい」と述べられているものの、論文では感情的な反応を議論したり、期待される感情反応を設定したりしていません。,システムは主にスポーツビジョンとバッティング能力の向上を目的としており、意図的にユーザーの感情状態に影響を与えたり形成したりするものではありません。,エンターテインメントデザイン資産やターゲットとする感情反応には触れられておらず、EDAはこの論文の議題ではありません。,,False,False,,False,この論文は、KVAの動的視力と眼-手の協調性を向上させることを訓練目標として明示しており、感情や感覚反応を設計要件の一部として明確に定義していません。
IPSJ-EC2024004.txt,True,2,この論文では、動機付けの向上、使いやすさ、すべての年齢層での楽しさといったユーザー体験が期待されることについて議論し、展示プレイ中のユーザーの感情や行動の反応を観察しています。,著者は、身体的な慣れ親しんだ運動（フラフープ）とゲームメカニクスを組み合わせることで、ユーザーの運動意欲に影響を与え、新しい楽しいゲーム体験を提供することを明確に目指しています。,論文は、動機付け、楽しさ、新しい体験について言及していますが、これらは研究の主要なテーマというよりは文脈的な利点として扱われています。,content user,True,False,運動を継続的に行う，また正しく効果的に行うには，モチベーションの喚起や，目標の設定，動きの観察と修正を行うことが望ましい．;一方で，これらの付加機能が万人に対して効果的なモチベーションとなるかは疑問がある．;より多くの人々に新しい体験や，個々の事情にそった体験を提供でき，また運動のモチベーションとなりうる形態について考えた．;ゲームにより運動などのモチベーションを喚起するゲーミフィケーションの好例であると考える．;提案デバイスを活用したゲームが提供しうる体験について報告する．;「フラフープを回す」以外の状態をもゲームに利用できることで，未就学児をふくむ多様な人々に体験をもたらしうることが確認できた．,False,この論文は、デバイスの設計要件の一部として明示的に触れられる感情反応（例：喜び、興奮、達成感）を特定していません；技術的な実装と機能的特徴に焦点を当てています。
IPSJ-EC2024020.txt,False,1,There is no discussion or description of which emotions are to be evoked or the expected emotional effects in the paper.,"The proposed system aims to connect common tasks and physical movements across different games, and does not explicitly intend to manipulate or guide the user's emotional state.","Emotional experiences or elicitation are not the subject, and EDA is not addressed.",,False,False,,False,"In this paper, specific design requirements for intentionally evoking emotions or experiences in users are not defined, and the main goal is to promote communication through shared intentionality and bodily movements."
IPSJ-EC2024026.txt,False,1,この論文では、システム使用時にユーザーがどのような感情や反応を期待されているかについての議論はない。,コンテンツの目的はアニメのラインアートのカラー化を自動化し、手動作業を削減することであり、ユーザーの感情状態に影響を与える意図は述べられていない。,エンターテインメントデザイン資産やユーザーフィーリングの目標は言及されておらず、純粋に技術的な方法論と評価に焦点を当てている。,,False,False,,False,この論文は技術的な目標（カラー化の精度、処理速度、労力削減）を定義しているが、設計要件の中でターゲットとする感情的な反応については明確にしていない。
IPSJ-EC2024018.txt,False,1,論文は期待される感情や感覚反応を目的の一部として議論していません。ユーザーの「楽しさ」に関するコメントは付随的なフィードバックであり、設計意図ではありません。,システムはスポーツビジョンとバッティング技術の向上を目的として設計されており、ユーザーの感情状態に意図的に影響を与えるものではありません。,感情反応はトピックとして扱われていません。焦点は純粋に技術的な訓練方法とその結果にあります。,,False,False,,False,感情反応は設計要件の一部として定義されていません。この論文はバッティング能力のためのビジュアルトレーニングにのみ焦点を当てています。
IPSJ-EC2024004.txt,True,2,"Because it discusses emotional effects such as ""motivation being evoked"" and ""voluntarily continuing to play"" as responses to exhibition evaluation and test play reactions.","Because it aims to influence users' emotional states (motivation, enjoyment) through motivation reinforcement for continued exercise and gamification.","Although emotional responses (motivation stimulation) are discussed, the main focus of this paper is device design and implementation, and EDA is treated as a secondary topic.",content user,True,False,運動を継続的に行う，また正しく効果的に行うには，モチベーションの喚起や，目標の設定，動きの観察と修正を行うことが望ましい．;ゲームにより運動などのモチベーションを喚起するゲーミフィケーションの好例であると考える．,False,"This paper explicitly defines emotional experiences such as ""fun"" and ""sense of achievement"" as design requirements, but emotional responses are not specifically and uniquely set by the developer."
IPSJ-EC2024020.txt,False,1,論文は、システムを使用する際に予想される感情や感情反応の種類について分析や議論を行っていない。,コンテンツの目的は、動作の共通性を維持し、コミュニケーションの機会を増やすことであり、ユーザーに特定の感情状態を意図的に影響または喚起することではない。,意図的にユーザーの感情をターゲットにしたり測定したりすることには言及しておらず、EDAについても全く触れていない。,,False,False,,False,論文の設計要件は、プレイヤー間の目標意識と身体動作の共有に焦点を当てているが、引き起こすべき特定の感情反応については明示されていない。
IPSJ-EC2024026.txt,False,1,"It does not discuss or evaluate what kind of emotional responses might be obtained during use, and there is no discussion of emotional effects.","The proposed method aims to reduce workload and improve efficiency in coloring tasks, but does not intend to intentionally change the user's emotional state.","Emotional design is not addressed at all, and it does not meet the requirements of EDA in any way.",,False,False,,False,"This paper focuses on the technical method of automatic line drawing coloring and does not explicitly specify emotional responses (such as sense of achievement, enjoyment, liberation) that should be elicited in users as design requirements."
IPSJ-EC2024018.txt,False,2,ユーザーテストの結果として、「疲れる」「気持ちが良く，楽しい」といった感情的なフィードバックが報告されており、使用時に生じる感情応答について論じられているため。,提案手法はスポーツビジョン（KVA動体視力や眼と手の協応動作）の強化を狙いとしており、ユーザーの感情への意図的な働きかけを目的としていないため。,EDAは主題ではなく、ユーザーテスト中の副次的な感想としてのみ登場しているため「主題ではあるが不明瞭」ではなく、むしろ「主題ではない」と判断。,コンテンツユーザー,True,False,20球ミートするためにバットを振り続けることは疲れる;ボールをミートした場合にホームランのように飛んでいくため気持ちが良く，楽しい,False,本論文では打撃能力向上や視覚機能強化を目的とし、ユーザーの感情状態（楽しさや達成感など）を設計要件として明示していないため。
IPSJ-EC2024004.txt,True,2,この論文はユーザーの行動やコメント（例：受容性、使いやすさ、関与）の報告を行っているが、どの特定の感情（例：楽しさ、達成感）が予測されているか、または測定されているかについて明示的に分析または議論していない。,著者たちは、装置と関連するゲームを使用して、ユーザーの運動への動機付けを高め、楽しいゲーミフィケーションされた体験を提供することを明示的に目指している。,感情や動機付けの効果について言及されているが、それらは主要な、明確に定義されたトピックとして扱われているわけではなく、主にデバイス設計、センシング性能、使いやすさの評価に焦点が当てられている。,,False,False,,False,この論文は、Connected Hoopの技術的設計と機能に焦点を当てており、一般的な経験（例：新しいゲーム体験、動機付け）について述べているが、感情応答を明確かつ一義的に内容設計の要件として定義しているわけではない。
IPSJ-EC2024037.txt,True,4,論文中で「視聴者全員が『私たち』として達成感や配信者とのつながりを得る」「達成感の共有」「一対多のつながり」「一体感」といった期待される感情反応を繰り返し論じ，実験結果から共同主体性（We‑mode）の生起による感情誘発を評価しているため。,ゲームメカニクス（ステージ回転，隕石ギミックなど）をWe‑modeの生起条件に基づいて設計し，観客の感情状態（共同主体性，達成感，共有感，一体感）を意図的に変化させることを目的としているため。,感情誘発（We‑modeによる達成感・つながり・一体感の創出）が研究の主題・設計指針・評価指標として一貫して扱われており，EDA（感情変化誘発）が明確なメイントピックとなっているため。,視聴者,True,True,視聴者全員が「私たち」として達成感や配信者とのつながりを得ることができるゲームの実現を目指す;この試みは，エンターテイメントにおいて重要な要素である「達成感の共有」や「一対多のつながり」，「一体感」を向上させることにつながると考えられる,True,本論文では「視聴者全員が『私たち』として達成感や配信者とのつながりを得ることができるゲームの実現を目指す」と明示し，We‑modeを生起させることで観客の感情（達成感，つながり，一体感）を誘発することを設計要件として具体的に定義しているため。
IPSJ-EC2024024.txt,True,4,"論文中で「緊張や羞恥が軽減されるのではないかという仮説」を立て，アンケート項目（Q4, Q5）やスコア比較によってその感情変化を評価すると明記しているため。",ダンスを踊る際にユーザが感じる緊張・羞恥を意図的に変化（軽減）させることを目的としているため。,緊張や羞恥の軽減が研究の主要テーマとして一貫して扱われており，EDAが明確に論じられているため。,コンテンツユーザー,True,True,本研究では，アバタの外見がユーザの行動特性に影響を与えるプロテウス効果に着目し，VR空間でアバタを着用してダンスを踊る際の緊張や羞恥の影響を検証する．;キャラクタへの変身感から緊張や羞恥が軽減されるのではないかという仮説のもと，版権キャラクタのアバタと標準的なアバタとの差を比較検討する．;Q4 ダンスを踊るとき，どの程度緊張を感じたか;Q5 ダンスを踊るとき，どの程度羞恥を感じたか,True,本研究では「緊張や羞恥」を明確にデザイン要件として定め，版権キャラクタアバタによってこれらが軽減されるかを仮説としているため。
IPSJ-EC2024056.txt,True,2,"Quantitative and qualitative discussions or evaluations regarding what emotional responses users might exhibit are not conducted in the paper, and there is no detailed discussion of the expected emotional responses.",It seeks to deliberately alter the user's experience (immersion) through interactive visual responses according to the viewer's body movements.,"While the direction of interaction aimed at emotional effects is indicated, the focus is on technical development, and emotional design is not a clear subject.",,False,False,,False,"This study states that it aims to provide a more immersive experience, but specific emotions (such as fun or surprise) are not explicitly and unequivocally defined as development requirements."
IPSJ-EC2024109.txt,True,4,この論文は、ユーザーが感じることが期待される感覚、すなわち銃の方向依存の弾かれ方と、その感覚を生み出す方法について詳しく論じています。,システムは、ユーザー自身の触覚状態に影響を与えるためにソレノイド衝撃および方向性空気ジェットを意図的に使用し、銃が弾かれている物理的な感覚を引き起こすことを目指しています。,触覚的な弾かれる感覚は論文の中心的なテーマであり、設計の動機から実装に至るまで詳しく説明されています。,content user,True,True,敵の放った銃弾が自身の銃に当たると、その角度に応じて銃型デバイスの先端で空気が噴射され，銃が弾かれる感覚を提示する．;手に持つ銃が弾かれる感覚を提示するマンガ物理学的VR体験システムの開発について報告した．,True,この論文は、システムが相手の弾によって銃が弾かれる触覚感覚を提示するように設計されていることを明示しており、その感覚応答が明確な設計要件となっていることを述べています。
IPSJ-EC2024041.txt,True,4,実験後のアンケートやインタビューで，意図した「瀕死感」がどのように感じられ，没入感や緊張感に影響を与えたかについて詳細に議論しているため。,キャラクタの残り体力に応じて操作性（移動速度低下やノイズ付与）を変化させ，プレイヤの「瀕死感」を意図的に喚起し，その影響を調査することを目的としているため。,「瀕死感」の定義とその提示手法が論文の主要テーマとして一貫して扱われ，定量・定性の両面から評価しているため，EDAが明確な主題として扱われている。,content user,True,True,本研究では，キャラクタが死に近づいていく際にプレイヤが感じる感覚を「瀕死感」と定義する．;プレイヤに対して操作キャラクタの瀕死感を提示し，瀕死感の提示が没入感に与える影響を調査する．,True,本研究では「瀕死感」を明確に定義し（“キャラクタが死に近づいていく際にプレイヤが感じる感覚を「瀕死感」と定義する”）、操作性の変化を通じてその感覚をユーザに提示することを設計要件としているため。
IPSJ-EC2024093.txt,True,4,シナリオや各インタラクションデザインの節で「参加者は自ら発言しやすくなる」「周囲の参加者も意識を向ける」といった、期待される感情反応や認知変化を具体的に議論しているため。,ロボットの近づく／離れる動作によって参加者の緊張感を和らげたり自発的な発言を喚起したりすることで、意図的にユーザの感情状態を操作しようとしているため。,感情的な反応（緊張感の軽減、自発的発言の促進）が論文の主題であり、設計からシナリオまで一貫して扱われているため。,content user,True,True,緊張感を生じさせずに自発的な発言を促す、ゆるやかなファシリテーションを目指す;ロボットがあたかも話を聞きたくて寄ってくるかのように振る舞い、自発的な発話のきっかけをつくる;参加者は「私の意見はね」と自ら発言しやすくなる,True,本研究では「緊張感を生じさせずに自発的な発言を促す、ゆるやかなファシリテーションを目指す」と明示的に設計要件として述べられているため。
IPSJ-EC2024086.txt,True,4,"In user evaluation experiments, real emotional responses such as ""encouraging messages that made users happy,"" ""encouraging messages that felt unpleasant,"" ""pressure and disgust,"" and ""the feeling of wanting to fix things and try a bit more"" have been discussed in detail.","The generation system ""Encouragement-kun"" is developed with the aim of intentionally enhancing users' emotions (motivation and persistence), targeting direct impact on emotional states.","Aiming for emotional changes such as improvement of persistence and motivation is at the core of the system, and EDA is consistently treated as a major theme of the paper.",content user,True,True,ユーザの継続意欲を高める;モチベーションを高めることを目的としている;ユーザが自分の努力が理解され，評価されていると感じた;嬉しかった激励文;不快に感じた激励文;「修正しよう！もう少しやってみよう！」という気持ちになった,True,"The design requirements are clearly stated in the paper as aiming to ""enhance user persistence"" and ""increase motivation,"" providing specific guidelines for expressions of encouragement."
IPSJ-EC2024076.txt,True,4,実験とアンケートを通じて「お金を投げている感覚」「達成感」「躊躇」「臨場感・存在感」など，どのような感情反応が生じるかを定量・定性にわたって議論しているため。,提案手法の主眼が「触覚提示によってユーザにお金を投げている感覚を生じさせる」ことであり，ユーザの感情状態（感覚・達成感・躊躇）に働きかけることを明確に意図しているため。,触覚を介した感情誘発（お金を投げる感覚・達成感・存在感の付与）が論文全体の主題となっており，非常に明確に扱われている。,コンテンツユーザー,True,True,コンテンツを阻害せず，お金を投げている感覚の提示する手法を提案する．;実験用コンテンツにより，投げ銭時の触覚によって達成感が生まれる可能性が示された．;存在感を与え，投げ銭をしている感覚を体験させる．;アンケートにて「抵抗がある時お金を投げている感覚があるか」を尋ねた．;「お金の重さを感じ投げている実感があって楽しい」;「貢いでいる感覚があって嬉しい」;「重いことで投げていいのか冷静に考えられた」，「生活費の危機感を感じた」という躊躇いが生まれた,True,本文で「コンテンツを阻害せず，お金を投げている感覚を提示する手法」を明示的にデザイン要件として示し，投げ銭時の触覚によって「達成感」「存在感」「投げている実感」を与えることを目標としているため。
IPSJ-EC2024100.txt,True,4,実験結果や考察において「没入感が高まった」「疲れる」など、使用によって引き起こされる具体的な感情反応を議論しているため。,システム提案の目的として「ワイワイと楽しむ体験」や「没入性の高い視聴体験」を意図的にユーザーに与えることを明言しているため。,没入感の向上という感情体験が論文の中心テーマとして繰り返し扱われており、EDA要素が明確に主題化されている。,視聴者,True,True,視聴者が空間への没入感を高く感じる提示方法についても模索する;ゲームの視点映像の共有環境への没入感が高まったこととして評価できる,True,本文中で「視聴者が空間への没入感を高く感じる提示方法」を明確に設計要件として掲げているため。
IPSJ-EC2024073.txt,False,1,この論文では、ミュージシャンがシステムを使用する際に期待される具体的な感情や感情反応について分析または議論されておらず、技術的なパフォーマンス評価のレベルにとどまっています。,システムはより人間的でインタラクティブなパフォーマンス体験を提供することを目的としていますが、これはユーザーの感情状態に意図的に影響を与えるという観点から枠付けされておらず、喚起されるべき感情も指定されていません。,ターゲットとされた感情または感情反応についての議論は論文に見られず、EDAは主要なトピックではありません。,,False,False,,False,この論文は特定の感情反応を明示的な設計要件として指定していません。生成品質、タイミング、統合などの技術的目標に焦点を当てており、定義された感情的目標には焦点を当てていません。
IPSJ-EC2024002.txt,True,3,実運用後のアンケートにおいて「ツアーの満足度」「訪問意欲」「楽しいと感じたこと」「面白くないと感じたこと」など，期待される感情反応を計測・言及しているため。,システムの目的が視聴者の「臨場感」「楽しさ」「満足度」を高めることにあり，ユーザーの感情状態を意図的に変化させようとしているため。,「臨場感」や「楽しさ」を設計目標として繰り返し述べ，ユーザーの感情を測定・評価しているが，EDA理論枠組みで深く議論しているわけではないため，メインテーマだがやや曖昧。,content user,True,True,視聴者に臨場感がある映像を提供できる;視聴者が楽しみながら動物観察ができるツアーを目指す,True,設計要件として「視聴者に臨場感がある映像を提供できる」「視聴者が楽しみながら動物観察ができるツアーを目指す」と明示的に定義されているため。
IPSJ-EC2024013.txt,True,2,論文内で「より深い没入感と満足感を得ることができる」「『適度な納得感』のあるマッピング」「時折発生するハルシネーションによって『意外性』を持った結果を取得する」といった表現で，どのような感情反応が期待されるかを具体的に論じているため。,プレイヤの没入感や満足感，驚きなどの感情状態を意図的に誘発することを目的に，マルチモーダルLLMを用いたマッピング手法やリアルタイム多人数参加型デザインを組み合わせており，ユーザの感情状態への影響を狙っているため。,EDAは設計上の要素として言及されているものの，論文の主題はマルチモーダルLLMを用いたマッピング技術やリアルタイム多人数参加型ゲームデザインの実装にあり，EDA自体が深く掘り下げられているわけではないため。,プレイヤ,True,True,現実世界をリンクさせることで，プレイヤの没入感やイリュージョン感覚を高めることができる。;プレイヤの意図や工夫が反映される「納得感」と，時には「意外な展開」を生じさせることを目指す。;「適度な納得感」のあるマッピングを実現した。;このアプローチにより，プレイヤは予測可能性と意外性のバランスが取れたマッピングを通じて，より深い没入感と満足感を得ることができる。,True,本文中で「現実世界をリンクさせることで，プレイヤの没入感やイリュージョン感覚を高めることができる」や「プレイヤの意図や工夫が反映される『納得感』と，時には『意外な展開』を生じさせることを目指す」といった形で，具体的な感情体験（没入感，イリュージョン感覚，納得感，意外性）が設計要件として明示されているため。
IPSJ-EC2024038.txt,False,1,この論文では、ゲームをプレイする際にユーザーが経験する感情や気分の反応を分析したり報告したりしていない。,プレイヤーの感情状態や気分を意図的に影響を与えることについての議論はない。目的は、特定の感情を呼び起こすのではなく、擬音語のラベルを引き出し、共有することである。,論文のどの部分も感情状態の設計や分析をトピックとして扱っていないため、EDAは存在しない。,,False,False,,False,この論文では、ゲームの設計要件として特定の感情反応（例：楽しさ、参加感、興奮）を示していない。データ収集と視覚的特徴に関する共有理解に焦点を当てている。
IPSJ-EC2024037.txt,True,4,実験とアンケートにおいて「目標が一致しているか」「共同制御感」「共同貢献感」など視聴者の感情反応を測定・論じ、We‑mode（共同主体性）の生起および達成感やつながりの感じられ方を具体的に検証しているため。,ゲームメカニクス（ステージ回転、隕石ギミック、インタフェース、音声など）をWe‑modeや一体感、達成感、つながりの感情を誘発するように意図的に設計しているため。,We‑modeおよび視聴者の達成感・配信者とのつながりを生起させることが論文全体の主題となっており、EDAが明確に扱われているため。,content user,True,True,視聴者全員が「私たち」として達成感や配信者とのつながりを得ることができる;エンターテイメントにおいて重要な要素である「達成感の共有」や「一対多のつながり」、「一体感」を向上させることにつながると考えられる。,True,本研究では視聴者に集合的認知モード“We‑mode”を生起させることで「達成感」や「配信者とのつながり」を得させることを明確にデザイン要件として掲げているため。
IPSJ-EC2024024.txt,True,4,論文中で「緊張や羞恥が軽減されるのではないか」という仮説を立て，アンケートやスコアでどのような感情応答が得られるかを討議しており，期待される感情変化について具体的に議論しているため。,研究の目的自体が「プロテウス効果を利用してユーザの緊張や羞恥を減らすこと」を意図しており，ユーザの感情状態に意図的に働きかける設計となっているため。,緊張・羞恥の軽減という感情応答が論文の主題として繰り返し取り上げられており，EDAが明確に中心テーマとなっているため。,content user,True,True,本研究では，プロテウス効果の影響としてまだ研究があまり進んでいない，緊張や羞恥について着目する．自身の外見からかけ離れたキャラクタのアバタを着用することで，そのキャラクタになりきっている感覚から，緊張や羞恥が軽減できるのではないかという仮説のもと研究を進める．;本研究では VRアバタを着用してダンスを踊る際に感じる緊張や羞恥の影響を検証する．,True,本研究の設計要件として「アバタを着用することで緊張や羞恥が軽減される」という明確な感情応答の定義と検証項目（Q4: 緊張，Q5: 羞恥）が開発者によって具体的に定められているため。
IPSJ-EC2024056.txt,True,3,論文中で期待される感情反応として「より没入感のある体験」や「アートの創作活動を刺激する」といった表現が用いられ、どのような感情を喚起するかが論じられているため。,システムの目的として「インタラクティブな映像反応による新しい体験の提案」や「鑑賞者の動きに反応する要素を加えることで没入感を提供」が掲げられ、ユーザーの感情状態に働きかけることを意図しているため。,EDA（没入感や創作意欲の喚起）が論文の主題の一つとして扱われているものの、感情設計の詳細な分析や評価は行われておらず、やや概念的に述べられているため「主題だがやや不明瞭」に相当する。,コンテンツユーザー,True,True,より没入感のある体験を提供し、デジタルアートの可能性を広げることを目指す。;本研究の目的は…アートの創作活動を刺激することである。,True,論文中で「より没入感のある体験を提供し、デジタルアートの可能性を広げることを目指す」と明示されており、開発者がユーザーの感じる“没入感”を設計要件として具体的に定義しているため。
IPSJ-EC2024109.txt,True,4,この論文は、敵の弾丸に当たった際に銃が弾かれる感覚を呼び起こすことが期待されるユーザー体験であると述べている。,VRデュエルシステムは、デュエル中にユーザーの触覚に影響を与えるために、意図的にエアジェット触覚フィードバックを使用している。,触覚的弾かれ感覚は、論文の明確な主要トピックおよび目的であり、意図されたユーザー体験として詳細に説明されている。,コンテンツユーザー,True,True,敵の放った銃弾が自身の銃に当たると，その角度に応じて銃型デバイスの先端で空気が噴射され，銃が弾かれる感覚を提示する．;手に持つ銃が弾かれる感覚を提示するマンガ物理学的 VR 体験システムの開発について報告した．,True,この論文は、システムがユーザーに銃が弾かれる感覚を提供しなければならないという設計要件を明示的に定義している。
IPSJ-EC2024041.txt,True,4,"Through experimental results and interviews, we discuss in detail the expected emotional responses, such as 'what was felt as one approached death' and 'the near-death sensation obtained due to the deterioration of operability.'","By changing the operability according to the remaining health of the control character, we aim to intentionally induce the player's feeling of near-death, tension, and immersion.","The theme of presenting the feeling of near-death and its impact on immersion is the core of the entire paper, and EDA is treated as a clear subject.",player,True,True,本研究では，キャラクタが死に近づいていく際にプレイヤが感じる感覚を「瀕死感」と定義する．;本研究では，操作キャラクタの残り体力に応じて離散的および連続的に操作性を変化させ，プレイヤの没入感に与える影響を調査する．,True,This study clearly defines the feeling of 'near-death' and is designed to present this sensation to the player through changes in operability.
IPSJ-EC2024093.txt,True,4,論文中で「緊張感を生じさせずに自発的な発言を促す」「プレッシャーを分散させる」「自然な形で発言が促される」など、期待される情動反応について詳細に議論しているため。,小型ロボットの動きを用いて意図的に参加者の緊張感やプレッシャーを操作し、発話行動を誘発・抑制する設計としており、ユーザの情動状態への影響を明示的に目指しているため。,緊張緩和と発話誘導という情動制御が研究の中心テーマとして明確に据えられており、EDAが主題となっている。,コンテンツユーザー,True,True,これにより，緊張感を生じさせずに自発的な発言を促す，ゆるやかなファシリテーションを目指す．;そこで本研究では，対面での会議において，発言を促された人へ緊張感を生じさせないために，複数台の小型ロボットを用いたファシリテーション手法を提案する．;自発的な発話のきっかけをつくることで，指名される人は発言の準備ができ，緊張感の少ない，ゆるやかなファシリテーションとなることを目指す．;これにより，周囲の視線も誘導され，自然な形で発言が促されることが期待される．,True,本研究の設計要件として「緊張感を生じさせない」「自発的な発言を促す」「ゆるやかなファシリテーション」を明確に掲げており、ユーザの情動状態（緊張緩和と発話意欲喚起）を具体的に定めているため。
IPSJ-EC2024086.txt,True,4,評価および議論のセクションでは、具体的にどの激励がユーザを喜ばせたり、不快にさせたりしたかを検討し、継続的な日記執筆への影響を測定して、引き起こされた感情反応を直接分析します。,このシステムは、ユーザ自身の感情状態に意図的に影響を与えるよう明示的に設計されており、モチベーションと持続性を高めるためのパーソナライズされた激励文を生成します。,激励文の生成がユーザのモチベーションと継続意図を調整する中心テーマであり、ターゲットとする感情反応の明確な仕様、実装、および分析が行われています。,content user,True,True,本稿では，学習や運動など，単調でありながら継続を必要とする活動において，ユーザの継続意欲を向上させる激励文の生成手法について検討する .;ユーザ一人ひとりのタスクへの取り組みに基づいてパーソナライズされた激励文を生成することで，モチベーションを高めることを目的としている .;このようなアプローチは，ユーザのモチベーションを維持し，活動の継続意欲を高める可能性を秘めている .,True,この論文は、ユーザの継続意欲とモチベーションをデザイン要件として明示的に定義し、これらの感情反応を引き出すためのシステムデザインガイドラインをリストアップしています。
IPSJ-EC2024076.txt,True,4,実験結果とアンケートを通じて，「達成感」「楽しさ」「躊躇」「危機感」「投げている実感」など，触覚提示によって喚起される具体的な感情・体験を詳細に議論しているため。,トリガーの抵抗値や押し深さを金額ごとに制御することで，ユーザの没入感や存在感，および『お金を投げている感覚』を意図的に誘発しようとしているため。,本研究の主題はまさに触覚メカニズムによってユーザの感覚・感情を変化させることにあり，EDAが明確な中心テーマとなっているため。,コンテンツユーザー,True,True,お金を投げている感覚を提示する手法を提案する;存在感を与え，投げ銭をしている感覚を体験させる;触覚によって達成感が生まれる可能性が示された;お金の重さを感じ投げている実感があって楽しい;貢いでいる感覚があって嬉しい;重いことで投げていいのか冷静に考えられた;生活費の危機感を感じた,True,論文中で「金額に応じたお金を投げている感覚を提示する」「存在感を与え，投げ銭をしている感覚を体験させる」といった具体的な触覚提示によるユーザの感覚変化が設計要件として明確に定義されているため。
IPSJ-EC2024100.txt,True,4,実験結果や今後の課題で「視聴者が没入感を高く感じる」「疲れる」といった感情反応が議論されており，どのような感情を引き起こすかを明示的に分析しているため。,ソーシャル VR 空間上での映像・身体動作共有環境を通じて，視聴ユーザーの「没入感」を意図的に高めようとする設計目的が提示されているため。,「没入感（没入性）」は本論文の主題として繰り返し登場し，具体的手法と評価が一貫して示されている。,視聴ユーザー,True,True,視聴者が空間への没入感を高く感じる提示方法;VR 体験の没入感を高めるため，一度表示された映像をその場に残すようにした。,True,本研究では「視聴者が空間への没入感を高く感じる提示方法」を設計要件として明確に掲げ，視野角や大型モニター配置，Quad 表示など具体的手法を検討しているため。
IPSJ-EC2024073.txt,False,1,論文では、システムを使用することによってどのような感情や感情反応が引き起こされることが期待されているのかについて議論や分析が行われていません。,コンテンツは即興体験を向上させることを目的としていますが、ユーザーの特定の感情状態に影響を与えたり引き出したりすることを明示的に目指してはいません。,論文は技術的実装やパフォーマンス改善に焦点を当てており、ターゲットとする感情についての明示的な議論がないため、EDAはトピックではありません。,musicians,False,False,,False,このシステムは、より人間らしいインタラクティブなパフォーマンス体験を提供することを目的としていますが、論文にはデザイン要件における特定の感情反応が明記されていません。
IPSJ-EC2024002.txt,True,3,この論文は、ユーザーの感情について質問票や自由回答のコメント（例：満足、楽しさ、恐怖/楽しさの感覚）を通じて評価・報告し、実際に引き起こされた感情について議論します。,このシステムは、動物が餌を食べる瞬間を間近でリアルタイムに観察できることを提供することで、ユーザーの感情状態に影響を与えるように明示的に設計されています。これによって、臨場感と楽しさを呼び起こします。,EDA（臨場感、楽しさ）は中心的なデザイン目標であり、評価において測定されますが、感情デザインの議論は中心的な学問的貢献ではありません。明確ではありますが、深く理論化されていません。,コンテンツユーザー,True,True,本研究では，臨場感あふれるジャングルバスオンラインツアーを提供することで，視聴者が楽しみながら動物観察ができるツアーを目指す．;動物がエサを食べる瞬間を至近距離で撮影できれば，視聴者に臨場感がある映像を提供できる．;「餌やりのシーンが凄く近くて少し怖かったし自分が食べられてるみたいで面白かった」,True,"デザイン要件には、""臨場感""のある体験を提供し、視聴者が動物観察を楽しむことを可能にすることが明示的に含まれており、特定のユーザーの存在感と楽しさの感情を対象としています。"
IPSJ-EC2024013.txt,True,4,論文中で得られる体験として「没入感」「イリュージョン感覚」「納得感」「意外性」「深い満足感」をユーザが感じることを繰り返し論じているため。,現実世界とデジタル世界をリンクさせることで，意図的にユーザの没入感・満足感・驚きを誘発しようとしているため。,EDA（没入感・納得感・意外性など）の設計と評価が本研究の中心テーマとなっており，非常に明確に扱われている。,プレイヤ,True,True,デジタル世界と現実世界をリンクさせることで，プレイヤの没入感やイリュージョン感覚を高めることができる．;プレイヤの意図や工夫が反映される「納得感」と，時には「意外な展開」を生じさせることを目指す．;これにより，プレイヤは予測可能性と意外性のバランスが取れたマッピングを通じて，より深い没入感と満足感を得ることができる．,True,論文内で「プレイヤの没入感やイリュージョン感覚」「納得感」「意外性」を高めることを明確に設計要件として掲げているため。
IPSJ-EC2024038.txt,False,1,著者は擬音語収集の定量的および定性的な結果を提示していますが、ゲームがプレイヤーに何の感情を呼び起こすことを意図しているのかは議論していません。,コンテンツの明示された目的は、楽しい注釈ゲームを通じて視覚的特徴に関するデータを集め、共通理解を促進することであり、ユーザーの感情状態を意図的に影響を与えることではありません。,ユーザーの感情を呼び起こすことや分析することが設計目標や議論のトピックであるという証拠は論文にはありません。,,False,False,,False,この論文は、視覚的テクスチャに関連する擬音語を収集し共有するためのゲームメカニクスを定義していますが、その設計要件の一部として目標とする感情反応は特定していません。
IPSJ-EC2024037.txt,True,4,実験や評価の章で，「視聴者がどの程度共同主体性（We‑mode）を感じたか」「達成感やつながりを得たか」を測定するアンケート結果を詳細に報告しており，用いた感情レスポンスについて言及しているため。,提案コンテンツは，We‑mode を生起させることでユーザーの「一体感」「達成感」「配信者とのつながり」といった感情状態を意図的に喚起することを主眼に置いているため。,We‑mode による一体感や達成感・つながりの共有を引き起こすデザインが論文全体の主題となっており，EDA が明確に扱われている。,コンテンツユーザー,True,True,視聴者参加型ゲームは，視聴者にゲームクリアによる達成感などのゲーム体験を提供するとともに，視聴者と配信者とのつながりを強めることができるコンテンツとして人気を得ている;視聴者全員が「私たち」として達成感や配信者とのつながりを得ることができるゲームの実現を目指す;視聴者が多人数であっても We-mode を生起させ，視聴者全員が「私たち」として達成感や配信者とのつながりを得ることができるゲームの実現を目指す,True,本論文ではゲーム設計要件として，「視聴者全員が『私たち』として達成感や配信者とのつながりを得ることができる」ことを明示的に挙げており，狙う感情体験が具体的かつ明確に定義されているため。
IPSJ-EC2024024.txt,True,4,アンケート項目（Q4: 緊張の感じ方，Q5: 羞恥の感じ方）や実験仮説として，アバタ着用時にどの程度緊張・羞恥が軽減されるかを議論しているため。,VRアバタを着用することでユーザの緊張・羞恥という感情状態に積極的に介入・変化をもたらすことを狙ったコンテンツ設計となっているため。,緊張や羞恥の軽減をアバタ利用の主目的としており，EDAが研究の中心テーマとして一貫して扱われているため。,コンテンツユーザー,True,True,キャラクタへの変身感から緊張や羞恥が軽減されるのではないかという仮説のもと，版権キャラクタのアバタと標準的なアバタとの差を比較検討する．;VRアバタを着用することで緊張や羞恥が軽減されれば，ダンス中に緊張や羞恥を気にせずに授業に意欲的に取り組むことができる方法の1つとなりえる．,True,本研究では「緊張や羞恥の軽減」が明確にデザイン要件として定義され，版権キャラクタアバタと標準アバタの差分検証を行うことを目的としているため。
IPSJ-EC2024056.txt,True,2,「より没入感のある体験を提供」「映えるコンテンツを目指した」など、利用時にどのような感情（没入感や美的満足）を誘発するかについて言及している。,プロジェクションマッピングによる体の動きへの反応を通じて、鑑賞者にインタラクティブで没入感のある体験を与えることを明示的に狙っており、ユーザーの感情状態への働きかけを意図している。,感情誘発については触れられているものの、本論文の主題はあくまで技術実装と評価であり、EDAは副次的に扱われている。,鑑賞者;ユーザー,True,False,鑑賞者の動きに反応する要素を加えることでより没入感のある体験を提供し;写真を撮ることができるような映えるコンテンツを目指した,False,本論文では「没入感」や「映えるコンテンツ」を目指すと記載があるが、これらの感情的反応を具体的な設計要件として明確・定量的に定義してはいないため、開発者が曖昧ではなく明示的に感情を規定したとは言えない。
IPSJ-EC2024109.txt,True,4,論文は弾かれる感覚を提示するメカニズムを説明しているが、ユーザーの実際の感じた反応に関する議論や評価は含まれていない（ユーザースタディや感情/反応の定性的分析はない）。,VR決闘システムは、ユーザーの手に物理的な感覚を与えるために、銃デバイスの先端から意図的に空気を吹き込んでおり、ユーザー自身の感情状態に影響を与えることを明確に目指している。,銃の弾かれる感覚はシステムデザインの中心的かつ明確に述べられたトピックである。,コンテンツユーザー,False,True,本研究では，西部劇やコメディなどで表現される敵の銃弾により自身の持つ銃が弾かれる体験を可能とする VR 決闘システムを開発する．;手に持つ銃が弾かれる感覚を提示するマンガ物理学的VR体験システムの開発について報告した．,True,著者は設計要件の中で、システムがプレイヤーの銃が弾かれる感覚を引き起こす必要があることを明示的に定義している（“銃が弾かれる感覚”）。このターゲット感覚は明確に述べられており、オプションではない。
IPSJ-EC2024041.txt,True,4,"In the purpose and discussion of the experiment, it details how changes in operability evoke the player's near-death experience and how that, in turn, affects immersion.","By intentionally changing operability according to the health of the control character, it attempts to induce the player's emotional state (near-death experience).","From the definition of the sensory experience of 'near-death experience' to the evaluation methods, this study is consistently treated as the central theme.",content user,True,True,キャラクタが死に近づいていく際にプレイヤが感じる感覚を「瀕死感」と定義する．;本研究では，その操作キャラクタが死や戦闘不能状態に近づいていく過程で生じる感覚を瀕死感（図 1 ）と定義する．,True,"This study clearly defines the sense of 'near-death experience' as a feeling that players should perceive, and it is a design requirement to present that 'near-death experience' through changes in operability."
IPSJ-EC2024093.txt,True,4,シナリオやコンセプトの各節で，ロボット動作によって参加者が感じる「発言しやすさ」「周囲の意識喚起」「プレッシャーの分散」などの感情変化を詳細に議論しているため。,提案システムはロボットの動きによって参加者の心理状態（緊張感の軽減や発話意欲の向上）に働きかけることを目的としているため。,ロボットを介して参加者の感情（緊張感や発話意欲）を操作・誘導することが論文全体の主題となっており，EDAが明確に扱われている。,会議参加者,True,True,緊張感を生じさせずに自発的な発言を促す，ゆるやかなファシリテーションを目指す．;ロボットが「話して」と指示するのではなく，あたかも話を聞きたくて寄ってくるかのように振る舞い，自発的な発話のきっかけをつくる．;参加者は「私の意見はね」と自ら発言しやすくなる．,True,本研究の設計要件として「緊張感を生じさせずに自発的な発言を促す」「緊張感の少ない、ゆるやかなファシリテーション」を明示的に掲げているため。
IPSJ-EC2024086.txt,True,4,定性的評価で「嬉しかった激励文」「不快だった激励文」を尋ね，ユーザの感情変化（励まされた、プレッシャーを感じたなど）を詳細に議論しているため。,システム設計の全体が，生成される激励文を通じてユーザの感情状態（継続意欲やモチベーション）に意図的に働きかけることを狙っているため。,感情変化（継続意欲向上・モチベーション）を設計目標とし，評価や考察の主題として一貫して扱っているため，EDAが論文の明確な主要テーマになっている。,content user,True,True,モチベーションを高めることを目的としている。;ユーザのモチベーションを維持し，活動の継続意欲を高める可能性を秘めている。,True,論文の目的として「ユーザの継続意欲を向上させる」「モチベーションを高めることを目的としている」と明示的に定義されており，開発者が狙う感情応答が具体的に示されているため。
IPSJ-EC2024076.txt,True,4,実験結果とアンケートを通じて「お金を投げている実感」「達成感」「躊躇」「臨場感・存在感」など、どのような感覚が誘発されたかを詳細に議論しているため。,提案手法は、投げ銭時のボタンの抵抗値・押す深さを金額ごとに変えることで、ユーザの触覚を操作し、意図的に感情的・身体的な反応（重さを感じる、達成感や躊躇が生まれるなど）を引き起こすことを目的としているため。,触覚提示によるユーザ体験向上（具体的には投げ銭時の感覚演出）が論文の主題として一貫して扱われ、その効果が実験的・主観的に検証されているため。,コンテンツユーザー,True,True,お金を投げている感覚の提示;投げ銭におけるユーザ体験の向上;体験の向上により達成感が強くみられた;「お金の重さを感じ投げている実感があって楽しい」;「貢いでいる感覚があって嬉しい」;「重いことで投げていいのか冷静に考えられた」;「生活費の危機感を感じた」,True,本研究では「お金を投げている感覚」を提示することを明確なデザイン要件として掲げ、トリガーの抵抗制御によってその感覚をユーザに与える手法を提案しているため。
IPSJ-EC2024100.txt,True,4,実験結果と今後の課題で「没入感の向上」「ゲームの視点映像の共有環境への没入感が高まったこと」といった感情反応（没入感）について議論しているため。,ソーシャルVRを用いて実世界に近い没入的な体験共有環境を構築し，ユーザーの没入感や存在感を意図的に強化することを目的としているため。,没入感（Immersion）の獲得が本研究の主要なテーマとして明確に設定され，その達成方法・評価が一貫して論じられているため。,視聴ユーザー,True,True,視聴者が空間への没入感を高く感じる視野角等の条件を探索する;第三者からの没入性を高めるため，一度表示された映像をその場に残すようにした;ゲーム画面への集中のあまりアバターの存在感が薄まることは，ゲームの視点映像の共有環境への没入感が高まったこととして評価できる,True,論文内で「視聴者が空間への没入感を高く感じる視野角等の条件を探索する」と明示し，没入感を高めることを設計要件として挙げているため。
IPSJ-EC2024073.txt,False,1,この論文では、AI生成の伴奏がユーザーに期待される特定の感情（例：楽しさ、興奮、達成感）について議論されていない。,このシステムは即興体験を向上させることを意図しているが、著者は決してユーザーの感情的または感覚的状態に意図的に影響を与えるという観点でこれを捉えていない。,目標としている感情反応についての議論や仕様は論文のどこにも見当たらず、EDAの概念は完全に欠如している。,,False,False,,False,この論文は、ミュージシャンにとってより人間らしい、インタラクティブなパフォーマンス体験を提供することを目指しているが、デザイン要件として特定の感情反応を明示していない。
IPSJ-EC2024002.txt,True,3,実運用後にアンケート調査を行い、満足度（楽しさ・面白さ）、訪問意欲、画質・音質の評価などユーザーの感じた感情反応を定量・定性で議論しているため。,システムの目的として「臨場感あふれるオンラインツアーを提供する」「高い満足度を得る」といった、ユーザーの感情状態（没入感、楽しさ、満足感）への働きかけを明示的に掲げているため。,設計要件から評価まで一貫して「臨場感」「楽しさ」「満足度」を扱っており、感情体験（EDA）が論文中の重要なテーマになっているものの、技術的改良が主題であるためややフォーカスが分散している。,視聴者,True,True,視聴者に臨場感がある映像を提供できる;臨場感あふれるジャングルバスオンラインツアーを提供することで，視聴者が楽しみながら動物観察ができるツアーを目指す,True,設計要件の中で「視聴者に臨場感がある映像を提供できる」「視聴者が楽しみながら動物観察ができる」といった感情的な体験（臨場感・楽しさ）を明確に定義しているため。
IPSJ-EC2024013.txt,True,4,システムの利用によって「より深い没入感と満足感を得る」「適度な納得感」といった具体的な感情反応を得ることを論じているため。,現実世界とデジタル世界をリンクさせることでプレイヤの感情状態（没入感や満足感、驚き）を意図的に喚起することを目的としているため。,感情喚起（没入感・納得感・意外性）の追求が論文の中心テーマとして繰り返し明示されているため。,プレイヤ,True,True,プレイヤの没入感やイリュージョン感覚を高めることができる;プレイヤの意図や工夫が反映される「納得感」と，時には「意外な展開」を生じさせることを目指す;より深い没入感と満足感を得ることができる;プレイヤが「適度な納得感」を得る生成を実現し,True,論文中で「没入感」「イリュージョン感覚」「納得感」「意外性」を明確にゲームデザイン要件として掲げているため。
IPSJ-EC2024038.txt,False,1,実験結果や考察においても，ゲーム利用によってユーザがどのような感情を抱くかについての言及や分析が行われていないため。,提案内容は主にオノマトペの収集効率とプレイヤ間の認識共有を目的としており，ユーザの感情状態に意図的に働きかけることを狙いとしていないため。,感情変化を扱う記述や意図が一切見られず，EDA に該当しない。,,False,False,,False,本研究は視覚的特徴とオノマトペの対応関係をデータ収集・共有するためのゲームデザインを扱っており，ユーザに特定の感情反応（楽しさや没入感など）を明示的に要件として定義していないため。
IPSJ-EC2024037.txt,True,4,論文中で実験により共同制御感や共同貢献感を測定し，We‑modeが生起したかを評価しており，どのような感情反応を引き起こすかを詳細に議論しているため。,本研究は意図的に視聴者の感情状態（We‑mode，達成感，配信者とのつながり，一体感）を変化させることを目的としており，感情への影響を設計目標として打ち出しているため。,We‑mode（集団的認知モード）による達成感共有や一体感醸成が論文の主要テーマとして繰り返し扱われ，感情誘発の設計・評価が中心になっているため。,コンテンツユーザー,True,True,配信上でゲームに参加している視聴者に，集合的な認知モードである “We‑mode” を生起させ，視聴者全員が「私たち」として達成感や配信者とのつながりを得ることができるゲームの実現を目指す．;この試みは，エンターテイメントにおいて重要な要素である「達成感の共有」や「一対多のつながり」，「一体感」を向上させることにつながると考えられる．,True,ゲームデザインの要件として「視聴者全員が『私たち』として達成感や配信者とのつながりを得ること」が明示的に掲げられており，誘発すべき感情体験が具体的に定義されているため。
IPSJ-EC2024024.txt,True,4,アンケート項目 Q4「ダンスを踊るとき，どの程度緊張を感じたか」，Q5「ダンスを踊るとき，どの程度羞恥を感じたか」を用い，実験を通じて緊張・羞恥の変化を測定・評価すると述べ，期待される感情応答を具体的に議論しているため。,プロテウス効果を利用してVRアバタ着用時の緊張・羞恥を意図的に軽減しようとしており，ユーザの感情状態を操作しようとする目的が明確に示されているため。,緊張や羞恥の軽減という感情変化そのものが論文の主目的として繰り返し扱われており，EDAが明確な主題となっているため。,アバタを着用するユーザ（演者役）,True,True,キャラクタへの変身感から緊張や羞恥が軽減されるのではないかという仮説;本研究では，プロテウス効果に着目し，VRアバタを着用してダンスを踊る際に感じる緊張や羞恥の影響の検証を行う．;Q4 ダンスを踊るとき，どの程度緊張を感じたか;Q5 ダンスを踊るとき，どの程度羞恥を感じたか,True,論文内で「緊張や羞恥を軽減する」という特定の感情変化を明示的に設計要件として掲げており，アバタの外見変化がユーザの緊張・羞恥の減少をもたらすことを狙いとしているため。
IPSJ-EC2024056.txt,True,2,論文中で「より没入感のある体験を提供」「映えるコンテンツを目指した」といった感情的効果の狙いを明示的に論じているため。,ユーザーの体の動きに応じてインタラクティブな映像反応を投影することで、意図的にユーザーの没入感や体験の高揚を引き起こそうとしているため。,感情反応への言及はあるが、技術実装が主題であり、EDAとしての議論は補助的であるため「主題ではあるが明確ではない」よりも弱い位置付け。,コンテンツユーザー,True,False,より没入感のある体験を提供し;写真を撮ることができるような映えるコンテンツを目指した;インタラクティブな映像反応を実現する新しい体験を提案する,False,本研究では「没入感のある体験」や「映えるコンテンツ」を掲げているものの、具体的な感情反応（例：高揚感、達成感など）を明確かつ定量的に設計要件として定義していないため。
IPSJ-EC2024109.txt,True,4,論文内で「銃が弾かれる感覚」をユーザに提供する仕組みとその狙い（マンガ物理学的なユーモアを伴う体験）について言及しているため。,ユーザが銃を撃たれたときに“弾かれる感覚”という主観的な触覚体験を意図的に生成することを狙いとしているため。,触覚的な“弾かれる感覚”の提示が論文の中心テーマとなっており、EDAが明確に扱われている。,content user,True,True,本研究では，西部劇やコメディなどで表現される敵の銃弾により自身の持つ銃が弾かれる体験を可能とする VR 決闘システムを開発する．;弾かれる感覚を提示する空気噴射部をもつ銃型デバイス;手に持つ銃が弾かれる感覚を提示するマンガ物理学的 VR 体験システムの開発について報告した．,True,本システムの設計要件として「銃が弾かれる体験」「弾かれる感覚を提示する」ことが明確に定義されているため。
IPSJ-EC2024041.txt,True,4,この論文は、コンテンツを使用する際に期待され、観察される感情反応（瀕死感と没入感）がどのようなものであるかを測定し、議論します。,ゲームプロトタイプは、プレイヤの自身の感情状態（近死感と没入感）に影響を与えるために、キャラクター制御パラメータを故意に変化させます。,「瀕死感」（近死感）は、この論文全体にわたって核心的なデザインおよび評価のターゲットとして定義、実装、測定、議論されています。,プレイヤ,True,True,キャラクタが死に近づいていく際にプレイヤが感じる感覚を「瀕死感」と定義する．;本実験の目的は，ビデオゲームにおける操作キャラクタの瀕死感提示が，プレイヤの没入感に与える影響の調査である．;一度操作キャラクタが死亡するパーマデスというメカニクスを持つビデオゲームでは，プレイヤのゲーム体験に緊張感をもたらし，ゲームに対する没入感が増加する．,True,この論文は、ターゲットとする感情反応「瀕死感」を明示的に定義し、制御の変更がどのようにそれを喚起するかを具体的に示しています。
IPSJ-EC2024093.txt,True,4,"The paper discusses in detail what kind of emotional and psychological responses are expected, such as 'participants... become easier to speak up themselves' and 'notice that they spoke a lot.'","It is designed to intentionally reduce the user's tension using the movements of a small robot, aiming to stimulate spontaneous speech and influence the user's emotional state.","The emotional effects (reduction of tension and stimulation of ease of speaking) are consistently treated as a major theme of the paper, making EDA clearly a central issue.",content user,True,True,これにより，緊張感を生じさせずに自発的な発言を促す，ゆるやかなファシリテーションを目指す．;これにより，参加者は「私の意見はね」と自ら発言しやすくなる．,True,"The paper explicitly states the design requirement of 'facilitation that encourages spontaneous speech without causing tension,' and specifically defines the user's emotional state (reduction of tension and ease of speaking)."
IPSJ-EC2024086.txt,True,4,実験結果で「自分の努力が理解され評価されていると感じた」「修正しよう！もう少しやってみよう！という気持ちになった」「過剰な賞賛がプレッシャーになった」といった具体的な感情反応を議論しているため。,生成AIによるパーソナライズされた激励文を通じて、ユーザの感情状態（やる気・継続意欲）に意図的に働きかけることを主目的としているため。,ユーザの感情変化（モチベーション向上や継続意欲維持）を中心テーマに据え、設計から定性評価、考察まで一貫して扱っている。,content user,True,True,継続意欲を向上させる激励文の生成システム;パーソナライズされた激励文を生成することで，モチベーションを高めることを目的としている．;ユーザが自分の努力が理解され，評価されていると感じた;5名の評価者が激励文によって「修正しよう！もう少しやってみよう！」という気持ちになった,True,本システムのデザイン指針として「モチベーションを高める」「継続意欲を向上させる」といったユーザの感情変化（励ましによる意欲向上）を明確に要件定義しているため。
IPSJ-EC2024076.txt,True,4,実験結果とアンケートで，触覚提示によって「達成感」「躊躇」「臨場感・存在感」「楽しさ」「貢いでいる感覚」などの感情が生じることを論じているため。,トリガーの抵抗制御によりユーザ自身の感覚（お金を投げている感覚，達成感，躊躇など）を意図的に変化させ，体験を向上させることを狙っているため。,触覚提示による感情変化（EDA）の導入と効果検証が論文の主題であり，明確に扱われているため。,content user,True,True,お金を投げている感覚の提示;存在感を与え，投げ銭をしている感覚を体験させる;体験の向上により達成感が強くみられた;途中で力が抜けると投げている感覚が増し，達成感や躊躇が生まれることがアンケートからみられた;「お金の重さを感じ投げている実感があって楽しい」;「貢いでいる感覚があって嬉しい」;「重いことで投げていいのか冷静に考えられた」，「生活費の危機感を感じた」という躊躇いが生まれた,True,本研究では「お金を投げている感覚を提示する」ことを目的としており，ユーザ体験向上のために触覚提示で得られる「存在感」や「達成感」をデザイン要件として明示しているため。
IPSJ-EC2024100.txt,True,3,実験結果や評価において，視聴者の“没入感が高まった”と捉えられるか，アバターの存在感や疲労感など，どのような感情反応が得られたかを議論しているため。,ソーシャルVR上での視聴体験を通じて“実世界に近いコミュニケーション”や“没入感”を意図的に喚起しようとする設計目的が明示されているため。,没入感や実世界に近いコミュニケーションといった感情喚起は主題として繰り返し登場するが，具体的・定量的に定義されておらずやや不明瞭であるため。,視聴者,True,False,視聴者が空間への没入感を高く感じる提示方法についても模索する．;VR体験の没入感を高めるため，一度表示された映像をその場に残すようにした．;ゲーム画面への集中のあまりアバターの存在感が薄まることは，没入感が高まったこととして評価できるものの，VRゲーム体験そのものの共有としては問題がある．,False,開発者が明確な感情反応として定義している文言（例：没入感についての定量的・定性的要件や数値目標など）が示されておらず、単に“高める”といった曖昧な表現にとどまっているため。
IPSJ-EC2024073.txt,False,1,"This paper does not discuss or evaluate the emotional responses that may be elicited during use, either quantitatively or qualitatively.",There are no descriptions or measures aimed at intentionally manipulating or guiding the user's emotional state.,"The focus is primarily on technical challenges and model building, rather than emotional responses or experiences, and there are no elements relevant to EDA included at all.",,False,False,,False,"This paper does not contain descriptions that explicitly define specific emotions (such as joy, immersion, or a sense of achievement) as design requirements."
IPSJ-EC2024002.txt,True,3,ツアー終了後に視聴者（高校生）に対して満足度，訪問意欲，画質や音質の評価をアンケート調査し，数値や自由記述をもとに「楽しさ」「怖さ」「臨場感」といった感情体験の喚起結果を論じているため。,「本研究では，臨場感あふれるジャングルバスオンラインツアーを提供することで，視聴者が楽しみながら動物観察ができるツアーを目指す」と明言し，ユーザーの感情状態（没入感・楽しさ）を意図的に誘発しようとしているため。,感情誘発（臨場感・楽しさ）の設計目標は明示されているが，感情デザイン自体が論文全体の主軸ではなくシステム構築の一要素として扱われているため。,視聴者,True,True,本研究では，臨場感あふれるジャングルバスオンラインツアーを提供することで，視聴者が楽しみながら動物観察ができるツアーを目指す．;エサを食べる瞬間を間近で撮影できれば，視聴者に臨場感がある映像を提供できる．;ツアーの満足度は平均 4.44 標準偏差 0.60 と高い満足度となり，ガブレコにより臨場感あふれるオンラインツアーを実現した．;「餌やりのシーンが凄く近くて少し怖かったし自分が食べられてるみたいで面白かった」,True,要件 3.1.4 において，「臨場感あふれる映像を提供できる」ことを明示的に設計目標として定義しているため。
IPSJ-EC2024013.txt,True,4,論文中で、どのような感情反応（深い没入感、イリュージョン感覚、適度な納得感、意外性、満足感）が期待されるかが具体的に論じられているため。,現実世界とデジタル世界のリンクやマルチモーダルLLMによるマッピング手法を用いて、意図的にプレイヤの感情状態（没入感・満足感・驚きなど）を動機づけようとしているため。,EDA（感情喚起）の要素がコンテンツ設計の中心概念として明示的に論じられており、デザイン要件にも組み込まれているため。,プレイヤ,True,True,デジタル世界と現実世界をリンクさせることで，コンテンツの「面白さ」を強化する方法がある．デジタル世界のみで構成されたゲームは，プレイヤにとって箱庭的な体験になりがちであるが，現実世界をリンクさせることで，プレイヤの没入感やイリュージョン感覚を高めることができる．;本コンテンツは，現実世界のオブジェクトをデジタル世界のモンスターにマッピングする際に，プレイヤの意図や工夫が反映される「納得感」と，時には「意外な展開」を生じさせることを目指す．;これにより，プレイヤは予測可能性と意外性のバランスが取れたマッピングを通じて，より深い没入感と満足感を得ることができる．,True,本文で「没入感」「イリュージョン感覚」「納得感」「意外な展開」など、ユーザーに喚起したい具体的な感情がデザイン要件として明示されているため。
IPSJ-EC2024038.txt,False,1,この論文はオノマトペの多様性と使用頻度を分析しているが、ゲームがプレイヤーにどのような感情を引き起こすことを期待しているのかについては議論していない。,その内容は、ユーザーの感情状態に影響を与える意図的な試みではなく、データ収集ゲームおよびコミュニケーションツールとして提示されている。,感情デザインの側面は定義されておらず、提案されておらず、分析されていない。この論文は注釈メカニズムとデータ結果に焦点を当てている。,,False,False,,False,この論文は、デザイン要件の一部として特定の感情反応を明示していない。オノマトペ注釈の収集と共有のためのメカニズムに焦点を当てており、目標となる感情状態を定義していない。
IPSJ-EC2024037.txt,True,4,論文内でWe‑modeによって視聴者が『私たち』としてゲームに影響を与えたと感じること，達成感や配信者とのつながりを得ることを期待する旨が繰り返し論じられているため。,本コンテンツは意図的に視聴者の認知と感情（We‑mode，達成感，共有感，一体感）を変化させることを目的としており，その狙いを冒頭から明示しているため。,We‑modeの生起とそれによる視聴者の感情変化（共同行為感，達成感，共有感，一体感）の誘発が論文全体の主題として一貫して扱われているため。,視聴者,True,True,視聴者全員が「私たち」として達成感や配信者とのつながりを得ることができるゲームの実現を目指す;視聴者に We-mode を生起させることで，視聴者全員がゲームに影響を与えたと感じることができ，達成感や配信者とのつながりを得ることができる可能性がある;重要な要素である「達成感の共有」や「一対多のつながり」，「一体感」を向上させることにつながると考えられる,True,本文中で「視聴者全員が『私たち』として達成感や配信者とのつながりを得ることができるゲームの実現を目指す」と明示し，We‑modeによって引き起こす感情を設計要件として具体的に定義しているため。
IPSJ-EC2024024.txt,True,4,"実験内のアンケート項目（Q4,Q5）で緊張・羞恥の度合いを測定し，アバタによる感情変化を詳細に議論しようとしているため。",VRアバタの選択・着用というコンテンツ構成自体が，ユーザの『緊張』『羞恥』という感情状態を意図的に変化させることを狙っているため。,『緊張・羞恥の軽減』をプロテウス効果の検証テーマとし，実験設計・評価指標ともに感情変化が主軸になっているため，EDAは論文の明確な主要トピックである。,コンテンツユーザー,True,True,本研究では，アバタの外見がユーザの行動特性に影響を与えるプロテウス効果に着目し，VR空間でアバタを着用してダンスを踊る際の緊張や羞恥の影響を検証する．;自身の外見からかけ離れたキャラクタのアバタを着用することで，そのキャラクタになりきっている感覚から，緊張や羞恥が軽減できるのではないかという仮説のもと研究を進める．;アバタを着用することで緊張や羞恥が軽減されれば，ダンス中に緊張や羞恥を気にせずに授業に意欲的に取り組むことができる方法の1つとなりえる．;Q4 ダンスを踊るとき，どの程度緊張を感じたか;Q5 ダンスを踊るとき，どの程度羞恥を感じたか,True,論文冒頭から『緊張や羞恥の軽減』を研究の目的・仮説として明示し，アバタ外見によってこれらの感情を操作することを設計要件としているため。
IPSJ-EC2024056.txt,True,2,技術評価はポーズ識別精度の測定に終始しており、ユーザーの感情体験（没入感の度合いなど）を実際に計測・分析した結果や考察は示されていない。,プロジェクションマッピングにインタラクティブ要素を取り入れることで、鑑賞者の動きに応じた映像反応を生み出し、“より没入感のある体験”を提供しようとしており、意図的にユーザーの感情状態に働きかけようとしている。,EDA（感情誘発）は主眼ではなくシステム開発・技術評価が中心であり、感情面の議論は部分的かつ定性的に触れられているに過ぎない。,ユーザー;鑑賞者,False,False,より没入感のある体験を提供,False,本文中に「より没入感のある体験を提供し…」といった表現はあるが、開発要件として具体的に狙う感情反応（例：驚き、喜び、達成感など）が明確かつ一義的に定義されておらず、漠然と「没入感」という言葉に留まっているため。
IPSJ-EC2024109.txt,True,4,この論文は感覚がどのように生成されるかを説明していますが、実際のユーザーの感じる反応に関するユーザー研究や定性的/定量的な議論は報告していません。,このシステムは、導向された空気噴射を通じて銃の弾かれる触覚的感覚を提示することによって、意図的にユーザーの感情状態に影響を与えるように明示的に構築されています。,銃が弾かれる触覚的感覚は、システムの設計の中心的な焦点であり、論文全体で明確に提示されています。,コンテンツユーザー,False,True,銃が弾かれる体験を可能とする VR 決闘システム;銃が弾かれる感覚を提示する VR 決闘システムの開発;giving the sensation of the gun being deflected,True,この論文は、対戦相手の弾丸に当たったときに銃が弾かれるという触覚的感覚を設計要件として明示的に定義しています。
IPSJ-EC2024041.txt,True,4,アンケートやインタビューを通じて、『生から死に近づくにつれてハラハラドキドキだった』『操作感の悪化から操作キャラクタがそろそろ死んでしまうと感じた』など、提示された瀕死感がユーザに与える感情的反応を詳細に議論しているため。,操作キャラクタの残り体力に応じて操作性を段階的／連続的に変化させることで、プレイヤ自身の『瀕死感』という感情状態に意図的に働きかけ、没入感への影響を調査しようとしているため。,瀕死感（ユーザの感情反応）を定義し、操作性の変化を通じて意図的に提示・評価することが研究の主題として一貫して扱われており、EDAが明確な主題となっている。,コンテンツユーザー,True,True,本研究では，キャラクタが死に近づいていく際にプレイヤが感じる感覚を「瀕死感」と定義する．;プレイヤに対して操作キャラクタの瀕死感を提示し，瀕死感の提示が没入感に与える影響を調査する．,True,本研究では、キャラクタが死に近づいていく際にプレイヤが感じる感覚を「瀕死感」と定義し、操作性の変化によりその感覚を提示することを設計要件として明確に定義しているため。
IPSJ-EC2024093.txt,True,4,論文中で「緊張感を生じさせずに」「緊張感の少ない」「プレッシャーを分散させる」といった具体的な感情反応の想定を述べているため。,ロボットの動きによって参加者の緊張感や心理的プレッシャーを意図的に変化させ，自発的な発言を促すことをねらっているため。,ユーザの『緊張感』や『プレッシャー』といった感情変化を中心にインタラクションを設計・議論しており，EDAが本研究の主要テーマになっているため。,content user,True,True,緊張感を生じさせずに自発的な発言を促す，ゆるやかなファシリテーションを目指す．;本研究では，対面での会議において，発言を促された人へ緊張感を生じさせないために，複数台の小型ロボットを用いたファシリテーション手法を提案する．,True,設計要求として「緊張感を生じさせずに自発的な発言を促す」や「プレッシャーを分散させる」といったユーザの感情状態が具体的に定義されているため。
IPSJ-EC2024086.txt,True,4,定性評価の章（3節）で「嬉しかった激励文」「不快だった激励文」を項目立てし，ユーザが実際にどのような感情を抱いたか（自分の努力が理解・評価されていると感じた，プレッシャーや嫌悪感を覚えた，継続意欲が向上した）を詳細に議論しているため。,本システムは生成AIを用いたパーソナライズされた激励文によって，ユーザに「励まし」「暖かさ」「やる気」を意図的に与え，感情状態を操作することを目的としているため。,ユーザのモチベーション向上（感情誘発）がシステムの設計・評価・考察を貫く中心テーマとして一貫して扱われており，EDAが明確な主題になっているため。,ユーザ,True,True,継続意欲を向上させる激励文の生成システム;モチベーションを高めることを目的としている;ユーザが自分の努力が理解され，評価されていると感じた;ユーザのモチベーションを維持し，活動の継続意欲を高める可能性を秘めている,True,本稿のシステムデザイン指針（2.1）では「ユーザの継続意欲を高める」「モチベーションを高めることを目的としている」と明示的に設計要件に定義しており，ユーザの感情状態（やる気・継続意欲）を誘発することが明確に要件化されているため。
IPSJ-EC2024076.txt,True,4,"The experimental results discuss specific emotional responses such as 'a sense of accomplishment created by tactile feedback during tipping', 'strongly feeling the sense of throwing money', and 'hesitation and presence emerged' based on surveys and measurement results.","By varying the resistance of the trigger and the depth of pressing according to the amount, we aim to give users the sense of 'throwing money' and immersion, intending to deliberately change their emotional state.",The provision of the user's emotional experience (the feeling of throwing money) through tactile feedback is the main subject of the entire paper and is consistently discussed.,content user,True,True,お金を投げている感覚の提示する手法を提案する;存在感を与え，投げ銭をしている感覚を体験させる,True,The paper explicitly states the design requirement of presenting the feeling of 'throwing money' and aims to evoke the intended emotional experience in users.
IPSJ-EC2024100.txt,True,3,実験結果として視聴者の『疲れる』『アバターの存在感が薄れる』『没入感が高まった』などの感情反応を収集・議論しており，どのような感情応答が期待されるかを論じているため。,オンライン上で実世界に近いゲーム体験の『楽しみ』や『存在感』をユーザーに意図的に喚起させることを狙いとし，システムを設計しているため。,没入感や存在感の喚起を主要テーマとして言及しているが，感情状態の定義や定量的評価指標の設定は明示されておらずややあいまいであるため。,視聴ユーザー,True,True,視聴者が空間への没入感を高く感じる提示方法についても模索する．;主観映像の表示法として，第三者からの没入性を高めるため，一度表示された映像をその場に残すようにした．,True,本論文では『視聴者が空間への没入感を高く感じる提示方法』を探索し，没入感を高めるための視野角や表示方法の改良を設計要件として明示しているため。
IPSJ-EC2024073.txt,False,1,この論文は、コンテンツがユーザーに引き起こすことが期待される感情反応や感情を議論または分析していない。,システムはインタラクティブなパフォーマンス体験を強化することを目指しているが、特定のユーザーの感情状態に影響を与える意図を明示していない。,ユーザーの感情反応に関連するエンターテインメントデザイン資産は存在せず、焦点は純粋に技術にある。,,False,False,,False,この論文はデザイン要件の一部として特定の感情反応を指定していない；メロディ生成の技術開発に焦点を当てている。
IPSJ-EC2024002.txt,True,2,実運用後のアンケートや自由記述で，満足度や楽しさ，訪問意欲などの感情応答を測定・議論しているため。,システム設計段階から視聴者の“臨場感”や“楽しさ”といった感情状態を意図的に生み出すことを目的としているため。,論文全体の主題はシステム設計・改善であり，感情応答は評価項目の一つとして扱われているため，EDAは重要だが主題ではない。,視聴者,True,True,臨場感あふれるジャングルバスオンラインツアーを提供することで，視聴者が楽しみながら動物観察ができるツアーを目指す。;エサを食べる瞬間を至近距離で撮影できれば，視聴者に臨場感がある映像を提供できる。;ツアーの満足度は平均 4.44 標準偏差 0.60 と高い満足度となり，ガブレコにより臨場感あふれるオンラインツアーを実現した。,True,要件定義の中で「臨場感あふれる映像を提供」「視聴者が楽しみながら動物観察ができる」といった具体的な感情体験をデベロッパが明示しているため。
IPSJ-EC2024013.txt,True,2,利用時にどのような感情反応（没入感，納得感，意外性，愛着など）が引き起こされるかを論文中で具体的に議論しているため。,ゲームデザインの狙いとして，ユーザの没入感や満足感，驚きなど，ユーザ自身の感情状態を意図的に高めることを明言しているため。,感情誘発の狙いは設計要件として明示されているが，EDAという用語の厳密なフレームワーク化や計測方法への言及は薄く，感情設計が論文の主題として深く掘り下げられているわけではないため。,プレイヤ,True,True,プレイヤの没入感やイリュージョン感覚を高めることができる．;プレイヤの意図や工夫が反映される「納得感」と，時には「意外な展開」を生じさせることを目指す．;より深い没入感と満足感を得ることができる．;プレイヤが「適度な納得感」を得る生成を実現し，多人数がリアルタイムに参加できるゲームデザインを構築した．;チームに対する愛着が生まれやすくなるという心理的効果を期待している．,True,本文中で「没入感」「イリュージョン感覚」「納得感」「意外性」「満足感」といった特定の感情反応を設計要件として明示的に挙げており，開発者が狙う感情体験を具体的に定義しているため。
IPSJ-EC2024038.txt,False,1,結果・考察は収集されたオノマトペの多様性や頻度、共有プロセスの分析に終始しており、ゲームプレイによってどのような感情が喚起されるかについての議論は行っていないため。,提案手法の目的はオンマトペと視覚的特徴のデータ収集および意思疎通の実現であり、ユーザの感情状態を誘導・操作することを主要な狙いとしていないため。,感情誘導や感情体験の設計・分析をテーマとしていないため、EDAに該当する記述がまったく見られない。,,False,False,,False,本論文は視覚的特徴とオノマトペの対応関係を収集・共有する仕組み（ゲーム）を提案しているが、ユーザの具体的な感情状態を設計要件として明確に定義していないため。
IPSJ-EC2024030.txt,False,1,物語中の登場人物や鑑賞者の感情変化（ドラマ性や盛り上がり）については言及があるが，システム利用者自身の心的反応を引き起こすことを論じた記述はないため。,ストーリーの鑑賞者（エンドユーザ）の感情曲線を操作できるものの，本研究の“ユーザ”はストーリー創作者であり，その創作者自身の感情状態を意図的に操作・強制する設計にはなっていないため。,システムは感情曲線を扱うものの，ユーザ自身の感情をデザイン／制御することを主題としておらず，EDAには該当しない。,鑑賞者;登場人物,False,False,,False,システムは任意にエンベロープ（心の動き）を追加・設定できるツールとして設計されており，特定の感情反応を開発者側が一義的に要件として定義しているわけではないため。
IPSJ-EC2024003.txt,True,2,試作例やアプリケーション例において，食事者が視点を動かして“視覚表現を楽しむ”“インタラクティブな驚きを生み出す”といった期待される感情体験について言及しているため。,視点によって見た目が変化することで食事者に“インタラクティブな食体験”や“驚き”を与えようとしており，ユーザの感情状態に意図的に働きかけることを目的としているため。,EDA（感情体験）は本論文の主要テーマではなく，技術開発の副次的な効果として言及されているため。,コンテンツユーザー,True,False,さらに，視点によって見た目が変化する料理の試作を通じてインタラクティブな食体験の可能性を示した．;料理の外観変化に気づいた食事者が視点を動かし，視覚表現を楽しむことで食事そのものをインタラクティブな体験へと変化させることができる．;この食体験は，食の場にインタラクティブな驚きを生み出すことができる．,False,本論文ではシステム設計や製作手法が主題であり，特定の感情（驚きや楽しさなど）を開発要件として明確かつ具体的に定義していないため。
IPSJ-EC2024006.txt,True,2,この論文は、期待される触覚の錯覚と主観的な感覚（錯触覚、操作性、身体性、空間知覚）について論じ、それらをカスタム質問票を用いて測定しています。これは、コンテンツによって喚起される感情的反応の分析を示しています。,この内容は意図的に擬似触覚フィードバック（指の形状の変化、ターゲットの色の変化、深さの変化）を実装しており、VRでのポイントインタラクション中にユーザの触覚認知および接触、硬さ、フィードバックの感覚に影響を与えることを目的としています。,EDAに類似した考慮（ユーザの触覚感覚と錯覚）は存在しますが、主要なトピックまたは明確な設計目標として枠組みが設定されていません。この論文の主な焦点は、パフォーマンス評価と統計分析にあります。,content user,True,False,"Pseudo‑Haptics は, ユーザの動きと視覚フィードバックの差異から錯覚的に触覚を提示する技術である[3], [19].;指先形状を円形に拡大変形することで剛性知覚に影響を与えることを明らかにした.",False,この論文は、その設計要件の一部として意図される感情的反応（例えば、特定の触覚感覚）を明示的に定義していません。代わりに、パフォーマンスの指標と擬似触覚メカニズムの技術的実装に焦点を当てており、喚起されるべきユーザの感情を明確に述べていません。
IPSJ-EC2024005.txt,False,1,評価はタスク完了時間、エラー率、作業負荷（NASA‐TLX）、および主観的な使いやすさの印象を調査しますが、システムが喚起することが期待されるユーザーの感情については言及していません。,このシステムはユーザーが自分の感情をより正確に伝えることを意図していますが、ユーザーの感情状態を故意に変化させたり、誘発したりすることを目指していません。,この論文は純粋にインターフェースデザインと絵文字パラメータ入力の使いやすさについてであり、感情反応の喚起はトピックとして扱われていません。,,False,False,,False,この論文の設計要件は、入力のシンプルさ、速度、絵文字パラメータを通じた感情強度の制御、そしてキーボード互換性に焦点を当てていますが、ユーザーに喚起される特定の感情反応については明記していません。
IPSJ-EC2024030.txt,True,2,作例（ヒーローストーリー／ロマンスストーリー）と考察において，エンベロープの形状と章構成の対応から，鑑賞者の幸福度や好意の上下変動，驚きやドラマ性の演出など，どのような感情変化を喚起できるかについて具体的に論じている。,システムは「鑑賞者の心の動き」をエンベロープとしてモデル化し，その形状を操作することで物語のドラマ性や盛り上がりを制御し，最終的に読み手の感情体験を意図的に誘導することを目指している。,本論文の主題は物語創作支援システムの技術的実装と作例考察にあり，鑑賞者（ユーザ）の実際の感情体験をユーザスタディ等で評価・検証する部分はないため，EDAはサブトピック扱いになっている。,鑑賞者,True,False,ストーリー創作において，登場人物や鑑賞者の心の動きは重要な要素である．;本システムでは，鑑賞者と複数の登場人物の多様な「心の動き」を操作してストーリーを創作可能にする「TaleShaper」を提案する．;エンベロープは鑑賞者及び登場人物の心の動きを表している．ユーザは，エンベロープを操作することでストーリーを創作していく．;例えば，自信，他者への好意，不安，怒り，期待などが挙げられる．;エンベロープの傾きを適切に操作することで，物語の展開にメリハリをつけ，鑑賞者の興味を惹きつけるドラマティックな展開を生み出せると考えられる．,False,開発者が特定の感情反応（例えば“興奮”や“感動”など）をあらかじめ設計要件として明示的に定義しているわけではなく，ユーザが任意にエンベロープ（心情パラメータ）を追加・編集できるため，固有のターゲット感情が開発者側から一意に定められていない。
IPSJ-EC2024003.txt,True,2,論文中で「インタラクティブな驚き」や「視覚表現を楽しむことで食事をインタラクティブな体験へ変化させる」と言及し，期待される感情反応（驚き・楽しさ）について述べているため。,利用者に視点移動を促し，見た目の変化を楽しませるインタラクティブな食体験によって意図的に利用者の驚きや楽しさといった感情状態を引き起こそうとしているため。,EDA（感情反応）は技術開発の背景や応用例の一部として断片的に言及されるにとどまり，論文の主題ではないため。,content user,True,False,視点によって見た目が変化する料理の試作を通じてインタラクティブな食体験の可能性を示した．;視覚表現を楽しむことで食事そのものをインタラクティブな体験へと変化させることができる．;この食体験は，食の場にインタラクティブな驚きを生み出すことができる．,False,感情体験（驚きや楽しさ）を設計要件として明示的に定義しておらず，技術仕様（ピッチや屈折率など）の記述に終始しているため。
IPSJ-EC2024006.txt,True,4,カスタムアンケートで「錯触覚」「操作性」「身体性」「空間知覚」など，擬似触覚が誘発する主観的な感覚応答を測定・解析し，どのような感覚が得られるかを詳細に議論しているため。,擬似触覚（視覚による触覚錯覚）を導入し，ユーザの触覚的な感覚や操作性，空間知覚を意図的に変化させようとしているため。,視覚的擬似触覚フィードバックによる触覚錯覚が本研究の主題であり，主観的感覚応答の測定・議論が論文の中心を占めているため，EDAは明確なメインテーマとして扱われている。,ユーザ,True,False,錯触覚;操作性;身体性;空間知覚;ターゲットに触れているような感覚があった;ターゲットを選択したときの心地よさ,False,本論文では擬似触覚フィードバックの効果をパフォーマンスや主観評価で調査しているものの，「ユーザに特定の感覚体験（例：心地よさや没入感）を明確な設計要件として定義し，そこに向けてコンテンツを意図的に設計した」という記述は見られないため。
IPSJ-EC2024005.txt,False,1,評価では操作時間，エラー率，NASA-TLXによる作業負荷，利用者の好みや使いやすさが議論されており，感情喚起についての分析や期待される感情反応の言及はない。,提案システムは絵文字入力の操作性向上と感情表現のニュアンス反映を目的としているが，ユーザの感情状態を意図的に変化させることを狙っているわけではない。,EDA（ユーザの感情状態変化）を主題とした議論が全くないため。,,False,False,,False,本論文の設計要件（操作の単純さ・速度，感情表現の強弱制御，学習コスト低減）は，あくまで絵文字のパーツカスタマイズの機能要件であり，ユーザ自身にどのような感情反応を喚起させるかが明示的に定義されていない。
IPSJ-EC2024030.txt,False,1,論文内で，システム利用によって利用者にどのような感情反応が起こるかについての議論や期待されるユーザ感情の記述がない。,TaleShaperは物語生成・編集のためのインターフェースを提供するものであり，利用者の感情状態を意図的に変化させることを目的としていない。,論文はストーリー創作手法とエンベロープ機構の提案が中心であり，利用者の感情設計（EDA）は論題に含まれていない。,,False,False,,False,本システムでは登場人物や鑑賞者の「心の動き」をエンベロープとして扱っているが，システムの設計要件としてユーザ自身の感情状態を明確にターゲットにしているわけではない。
IPSJ-EC2024003.txt,True,2,「インタラクティブな驚きを生み出す」や「新たな食体験の可能性を示した」といった表現で、狙った感情反応（驚きや楽しさ）について言及しているため。,視点によって見た目が変化する料理を通じて、食事者にインタラクティブな体験や驚きを与えることを目的としており、ユーザーの感情状態に働きかける設計意図が述べられているため。,感情誘発は論文中で触れられているが、細かい設計要件ではなく応用例の説明の一部として扱われており、EDAが主題ではないため。,コンテンツユーザー,True,False,インタラクティブな食体験の可能性を示した;この食体験は，食の場にインタラクティブな驚きを生み出すことができる,False,本論文では設計要件として特定の感情（驚き、楽しさ、没入感など）を明示的・曖昧なく定義していないため。
IPSJ-EC2024006.txt,True,4,実験で『錯触覚』『操作性』『身体性』『空間知覚』といったユーザの感覚・知覚反応をカスタムアンケートで測定し，条件ごとの期待される感覚反応を詳しく議論しているため。,擬似触覚（Pseudo-Haptics）技術を用いて，ユーザの動きと視覚フィードバックの差異から『錯覚的に触覚を提示』し，ユーザの触覚体験を意図的に変化させることを狙っているため。,擬似触覚による触覚錯覚や操作感，空間知覚などユーザの感覚変化を主題として，実験的に詳細に評価・議論しており，EDA（感情・感覚変化誘起）のメカニズムと効果が論文の中心テーマになっているため。,VRコンテンツのユーザ,True,False,"擬似触覚は, ユーザの動きと視覚フィードバックの差異から錯覚的に触覚を提示する技術である [3], [19].;本研究では, 各疑似触覚条件ごとに錯触覚, 有用性, 身体性, 空間知覚を測定するカスタムアンケートを実施した.;カスタムアンケートでは錯触覚, 操作性, 空間知覚の項目すべてにおいて, 指先形状の変化を用いた疑似触覚条件が高いスコアを記録した.",False,本論文では擬似触覚フィードバックを導入しているが，『特定の感情反応（例：高揚感や没入感）を設計要件として明確に定義』している記述はなく，主にパフォーマンスと主観評価の指標として触覚錯覚や操作性を測定しているにとどまるため。
IPSJ-EC2024005.txt,False,1,この論文は「感情表現を強調する」や「細かなニュアンスを反映した感情表現」については言及していますが、システムのユーザーに喚起される特定の感情反応を分析したり予測したりしていません。,目標は、ユーザー自身の感情状態に意図的に影響を与えるのではなく、絵文字カスタマイズの表現力と操作性能を改善することです。,EDAsはデザイン目標や分析トピックとして扱われていないため、論文は絵文字編集ジェスチャーのインタラクション性能とユーザビリティに集中しています。,,False,False,,False,この論文は、ユーザー自身の感情のニュアンスを反映するための絵文字パーツのカスタマイズ入力方法に焦点を当てていますが、特定の感情反応をデザイン要件として特定していません。
IPSJ-EC2024030.txt,True,4,エンベロープの形状や傾きがどのように鑑賞者の興味やドラマ性に影響を与えるかを繰り返し論じ，具体的な効果例を示しているため。,ストーリーのエンベロープ操作を通じて鑑賞者の興奮度や興味を意図的に制御し，感情的な反応を引き起こすことを狙いとしているため。,エンベロープによる心の動きの可視化と制御が論文の中心テーマであり，鑑賞者の感情制御が明確に議論されているため。,鑑賞者,True,True,インターフェースには音楽制作ソフトにおいて音量の時間的変化を表すエンベロープを採用し，エンベロープで鑑賞者と登場人物の心の動きを表現する．;エンベロープの傾きを適切に操作することで，物語の展開にメリハリをつけ，鑑賞者の興味を惹きつけるドラマティックな展開を生み出せると考えられる．;鑑賞者や登場人物の心の動きを表す複数のエンベロープを操作することで，ストーリーを創作できるシステム「TaleShaper」を提案した．,True,システム設計時に「鑑賞者」の幸福度や好意など特定の心情をエンベロープとして定義し，これを必須のパラメータとして物語生成・編集の設計要件に組み込んでいるため。
IPSJ-EC2024003.txt,True,2,この論文では、インタラクティブな視覚効果が「インタラクティブな驚き」を生み出し、見る行為を新しい食の体験に変えることを示し、期待される感情的反応を示しています。,アプリケーションは、視点に基づいて食べ物の外観を変えることによって、ダイナーを驚かせ、引き込むインタラクティブな食事体験を創造すると明示的に示されています。,感情的影響（インタラクティブな驚き）が言及されていますが、論文の主な焦点はシステム設計と製造にあります。,diner,True,False,この食体験は，食の場にインタラクティブな驚きを生み出すことができる。;食事そのものをインタラクティブな体験へと変化させることができる。,False,この論文は、食べられるレンズの技術的設計と製造に焦点を当てており、特定の感情的反応（例：驚き、喜び）を明示的な設計要件として指定していません。
IPSJ-EC2024006.txt,True,4,この論文は、擬似ハプティクスが喚起することを意図された感覚である「錯触覚」、「有用性」、「身体性」、および「空間知覚」といった期待されるおよび測定された感覚反応を報告および議論しています。,この研究は、ユーザーの自身の感情状態で擬似的な触覚感覚を喚起するために、視覚的な操作（指の形状の変化、色の変化、深さの変化）を故意に導入しています。,擬似ハプティック（擬似触覚）フィードバックとそれが引き起こす幻想は、論文の中心テーマであり、設計と評価の両方で深く議論されています。,コンテンツユーザー,True,False,"評価項目として操作時間, 接触時間, 精度を測定と各疑似触覚条件ごとに錯触覚, 有用性, 身体性, 空間知覚を測定するカスタムアンケートを実施した .;Q1 ターゲットに触れているような感覚があった（錯触覚）;Q2 ターゲットが表示されている場所で触れている感があった（錯触覚）;Q7 ターゲットに触れている間バーチャルハンドは自分の手であるように感じられた（身体性）;Q9 ターゲットと手の距離感が分かりやすかった（空間知覚）",False,この論文は、パフォーマンスとユーザーエクスペリエンスを向上させるために擬似ハプティックフィードバックの実装と評価に焦点を当てていますが、ユーザーに喚起されるべきターゲットの感覚反応として明示的な設計要件を述べていません。
IPSJ-EC2024005.txt,False,1,"No empirical evaluation or qualitative analysis has been conducted on what emotions are evoked in users, and there is no discussion on emotional responses.","The purpose of the proposed system is to more accurately 'reflect' the user's emotional expression, rather than directly changing the user's mood or feelings.","There are no mechanisms aimed at inducing emotions or analyses of emotional responses included, and it is not handled from the perspective of EDA.",,False,False,,False,"This paper focuses on the customization of emoji parts and input performance (time, error rate, and load), and does not explicitly state the specific design requirements for how it induces emotions in users."
IPSJ-EC2024030.txt,False,1,論文中に「システム利用者がどのような感情を体験するか」「利用者に特定の感情を呼び起こすことを期待する」といった議論や記述が見られないため。,TaleShaperはユーザの感情を直接操作・喚起するものではなく，物語内の登場人物や鑑賞者役の心の動きをモデリングし編集するためのインターフェースであり，ツール利用者自身の感情状態への影響を狙った設計ではない。,本稿はあくまでも物語生成支援ツールの技術紹介であり，利用者感情への誘導や体験設計を主題としていないため，EDAを含まないと判断できる。,,False,False,,False,本論文はストーリー創作のためのツールを提案しており，システム利用者（作者）の感情変化を明示的にデザイン要件として定義していないため。
IPSJ-EC2024003.txt,True,2,「インタラクティブな驚き」や「新たな食体験の可能性」など，どのような感情や体験を引き起こすかについて論じられている。,視点による見た目変化を用いて「インタラクティブな食体験」を生み出し，食事者の体験を意図的に変化させることを狙っているため。,EDA（感情喚起）の記述は副次的で，技術的実装が主題であり，感情設計は明確・詳細には扱われていないため。,食事者,True,False,インタラクティブな食体験の可能性を示した．;食事者が視点を動かし，視覚表現を楽しむことで食事そのものをインタラクティブな体験へと変化させることができる．;この食体験は，食の場にインタラクティブな驚きを生み出すことができる．,False,論文中には具体的な感情（驚き、喜びなど）を明示的に設計要件として定義した記述がなく，主に技術的・視覚的表現の実現方法に焦点が当てられているため。
IPSJ-EC2024006.txt,True,3,この論文では主観的なアンケート項目（錯触覚、操作性、身体性、空間知覚）について報告し、各擬似的ハプティック条件がどのように特定の知覚的または感情的な反応を引き起こすと予想されるかを論じている。,この論文では、触覚の錯覚を誘発し、相互作用中にユーザー自身の知覚/感情状態を変えるために意図的に擬似的ハプティックフィードバック（指の変形、色の変化、深さの変化）を導入している。,知覚的/感情的反応を誘発し測定することは研究の中心であるが、これらは明確に定義されたデザイン要件として提示されていないため、EDAは主要なテーマであるが、ターゲットデザイン資産として完全に明確には提示されていない。,content user,True,False,"本研究では...錯触覚, 有用性, 身体性, 空間知覚を測定するカスタムアンケートを実施した。;Q1: ターゲットに触れているような感覚があった;Q3: ターゲットを選択したときの心地よさ;Q9: ターゲットと手の距離感が分かりやすかった",False,この論文では具体的な感情的または感覚的な反応を明示的なデザイン要件として特定していない; その代わりに、擬似的ハプティックフィードバックをパフォーマンス改善と一般的なUXメトリクスの観点で捉えており、システムデザイン内で意図した感情を名指ししていない。
IPSJ-EC2024005.txt,False,1,この論文は、パーツのカスタマイズが伝達されるメッセージの感情的ニュアンスを強調することができると述べていますが、システムを使用するユーザーがどのような感情を経験することを期待されているのかについては議論していません。,提案されたシステムは、絵文字のパーツをカスタマイズするための柔軟で迅速な入力方法を提供し、メッセージにおける感情表現の幅を広げることを目的としていますが、ユーザー自身の感情状態に意図的に影響を与えるものとしては示されていません。,感情的側面はメッセージの表現性の観点からのみ言及されており、主な焦点は入力インタラクション設計と使いやすさにあります。ユーザーの感情を喚起することには触れられていません。,,False,False,,False,この論文の設計要件は、機能目標（単純さ、速度、制御可能な強度、低い学習コスト）を指定し、絵文字のカスタマイズを改善することを求めていますが、ユーザーに喚起される特定の感情反応を明確かつ明瞭に定義していません。
