Clarity Score,Analyze EDA,Propose EDA Reason,Design Targeted EDA,Analyze EDA Reason,EDA,Design Targeted EDA Reason,Target,Targets,filename,Clarity Score reason,Propose EDA
1,False,この内容は、ゲームプレイのメカニクスを調整して協調的なプレイとコミュニケーションを強化することを目的としており、ユーザーの内部感情状態を意図的に影響したり変更したりすることには向いていません。,False,この論文はゲームメカニクスや共有体験（例えば、同期された動作や目標を通じて）について論じていますが、ユーザーに期待される特定の感情的反応や感情反応を特定したり分析したりしていません。,,この論文は、デザイン要件の一部として具体的な内部感情反応（例えば、興奮や達成感、または類似の感情状態など）を明示的に定義していません。ユーザーの感情状態を直接的にターゲットにするのではなく、共有された認知の目標（目標意識）と身体的動きの保持に焦点を当てています。,,,IPSJ-EC2024020.txt,3つのEDA条件（明確に定義されたターゲット感情反応、ユーザーの感情状態に対する意図的な影響、期待される感情の喚起についての議論）が満たされていないため、この内容は定義されたEDAsを含んでいません。,False
1,False,内容はアニメの着色プロセスでの手作業の負担を減らすことを目的としており、ユーザーの感情状態に意図的に影響を与えようとしているわけではありません。,False,この論文では、コンテンツに対してユーザーが反応することが期待される感情反応についての議論はありません。,,この論文では、設計されたユーザーの感情反応について特に言及されておらず、設計要件は特定の感情体験を対象とするのではなく、技術的およびプロセスの効率に焦点を当てています。,,,IPSJ-EC2024026.txt,EDAはこの論文では議論されたり設計要素と見なされたりしておらず、内容は技術的に焦点が当てられ、ユーザーの感情を引き起こすことには重点が置かれていません。,False
1,False,いくつかのテストプレイのフィードバックには、「楽しい」やボールを打ったときの満足感のような反応が言及されていますが、これらは意図的に設計された感情的なターゲットではなく偶発的な結果です。,False,この論文は、コンテンツがどのような感情反応を引き起こすことを期待しているのかを主要なデザイン目標として明示的に議論していません。焦点は、身体的なパフォーマンストレーニングと技術的フィードバックにあり、ユーザーの内部感情状態に影響を与えることではありません。,,この論文は、VRを使用して野球における視覚運動スキルを向上させるためのトレーニングシステムの開発に焦点を当てています。開発者によって明確かつ曖昧でない形で設定された特定の感情反応（喜び、興奮、リラックスなど）をデザイン要件として定義していません。,,,IPSJ-EC2024018.txt,コンテンツは感情反応を主要なデザインのトピックとして扱っていないため、EDAは意図的に埋め込まれていないか、またはデザイン要件として詳述されていません。,False
2,True,特定の感情が設計目標として明示的に定義されていないにもかかわらず、コンテンツは明示的にユーザーの運動へのモチベーションを向上させ、ゲームプレイ中のエンゲージメントを高めることを目指しています。このようにして、ユーザー自身の感情状態（つまり、モチベーション、楽しさ、遊びの感覚を高めること）に意図的に影響を与えようとしています。,False,この論文は、運動をより楽しいものにし、利用の障壁を下げるといった期待される体験効果について議論し（例：ゲームプレイ中のユーザーの自然なエンゲージメントと反応）、展示からの観察データを報告しています。ただし、特定の感情の変化についての詳細な分析には至っていません。,,この論文は、Connected Hoopデバイスの技術的デザイン、操作、およびアプリケーションを主に説明しています。ただし、設計要件において、開発者によって明確に定義された明示的なターゲット感情応答（「達成感」、「楽しさ」、「エンゲージメント」などの正確な意図された感情）は明確に指定されていません。,,コンテンツユーザー,IPSJ-EC2024004.txt,コンテンツは運動を促進し、楽しい体験を作り出すことでユーザーの感情に影響を与えることを目的としているものの、期待される感情応答は設計要件の一部として明確にまたはあいまいに定義されていません。その結果、EDAの明示的な議論は部分的なものにとどまっています。,True
1,False,内容は、ゲーム間の共通点（目的意識と身体動作）の保存に焦点を当て、プレイヤ間の操作同期や相互作用の促進を意図しているが、ユーザの内面的な感情状態に直接作用するような仕組みが明示されているわけではない。,False,論文内で、利用時に誘発される感情反応について具体的な記述や議論はなく、ユーザがどのような感情体験を得るかを詳細に分析している部分は認められない。,,論文では、プレイヤ同士の目標意識や身体動作の共有によってコミュニケーションを促進しようという狙いはあるものの、ユーザがどのような感情（例：達成感、連帯感など）を具体的かつ明確に体験するかについては、開発者による明示的な設計要件として定義されていない。,,プレイヤ,IPSJ-EC2024020.txt,全体として、ユーザの感情状態に直接影響を与えることを目的とした設計要件や、その結果としての感情体験が具体的に述べられていないため、EDAとは認められない。,False
1,False,コンテンツの目的は、アニメ制作における着色プロセスを自動化することです。ユーザー自身の感情状態を操作または影響を与えるための意図やメカニズムは表現されていません。,False,この論文では、ユーザーに期待される感情反応がどのようなものであるかについて議論されていません。提案されたシステムの技術的評価とパフォーマンス指標に中心を置いており、ユーザーの感情への影響は考慮されていません。,,この論文には、ターゲットユーザーの感情反応を定義する明示的な設計要件は含まれていません。その焦点は、アニメの着色プロセスにおける手作業を減らすための技術的手法にあり、ユーザーの特定の感情的状態を引き出すことにはありません。,,,IPSJ-EC2024026.txt,論文にはエンターテインメントデザイン資産についての言及や、感情を引き起こすデザインについての議論はありません。トピックは厳密に技術的であるため、EDAに関連する議論は存在しません。,False
1,False,一部の参加者のフィードバックには「楽しい」や「気持ちが良い」といった感情が言及されていますが、これらはシステムデザインにおける意図的で定義されたターゲットではなく、偶発的な結果です。,False,この論文では、コンテンツの使用から期待される感情反応の種類について、主なトピックとして議論していません。前もって指定された感情状態を喚起することに明示的に焦点を当てることなく、トレーニングシステムの技術的およびパフォーマンス的な側面を詳細に説明しています。,,この論文では、明示的なデザイン要件としての感情反応を特定していません。ユーザーの感情状態を直接調整するのではなく、視覚トレーニングを通じて野球のパフォーマンスを向上させることに焦点を当てています。,,,IPSJ-EC2024018.txt,コンテンツはトレーニングとパフォーマンスの向上に中心を置いており、感情的な反応は二次的なもので、デザイン要件として明確に定義されていません。したがって、明確なEDAメカニズムは中心的なデザイン要素として組み込まれていません。,False
2,True,コンテンツは、ユーザーの感情状態に明示的に影響を与えることを目指しており（例：楽しさ、モチベーション、エンゲージメントの促進）、新しいフラフープコントローラーを使用したゲーミフィケーションとインタラクティブなプレイを通じて実現されています。,False,この論文は、評価結果とユーザー行動の観察（例えば、子供たちがゲームとどのように相互作用し、最初の困難を克服するか）について論じており、期待される感情的影響を示唆しています。しかし、対象とされている具体的な感情は、設計成果として明示的には列挙されていません。,,この論文は、デバイスとゲームを使用して運動を促進し、ゲーム体験を向上させることについて論じていますが、特定の感情反応を設計要件として明確に指定していません。設計要件は、より技術的かつ運用的な方向に偏っています。,,コンテンツユーザー,IPSJ-EC2024004.txt,コンテンツは明確に感情的反応を引き起こし、ユーザーのエンゲージメントを向上させることを目指していますが、意図された感情反応は設計要件として明示的に定義されていません。これにより、中程度のスコアとなります。,True
4,True,ゲームデザイン自体が、視聴者の感情状態（We-mode、すなわち共同主体性や一体感）に直接働きかけ、意図的にその感情を誘発することを目的としているため。,True,論文中では、視聴者が『私たち』として一体感や達成感を得る仕組みや、そのために必要な要素（目標の一致、貢献のフェア感、相互調整、同調行為）が詳細に議論されている。,視聴者全員が『私たち』として達成感や配信者とのつながりを得ることができるゲームの実現を目指す。;視聴者全員の目標は、できるだけ早くロボットをゴールへたどり着かせることであり、一体感を感じさせる。;参加者全員が『私たち』としてゲームに影響を与えたと感じられることが示された。,本ゲームは、視聴者が単なる個人ではなく『私たち』として、達成感や配信者とのつながりを感じることを目標としており、具体的にその感情体験をデザイン要件に盛り込んでいるため。,,視聴者,IPSJ-EC2024037.txt,本論文ではWe-modeの感情体験がゲームデザインの核心要素として明確に定義され、その実現条件や期待される体験が具体的に論じられているため、EDAとして非常に明瞭かつ中心的なトピックとなっている。,True
4,True,実験デザインの核心として、版権アバタと標準アバタの比較により、ユーザの緊張や羞恥の軽減という感情状態の変化を積極的に誘発し、その効果を検証することを目的としているため。,True,論文内でダンス中に感じる緊張や羞恥という具体的な感情反応について、アンケートや実験結果を通して評価し、またその背後にあるプロテウス効果を議論しているため。,VRアバタを着用してダンスを踊る際に感じる緊張や羞恥;自身の外見からかけ離れたキャラクタのアバタを着用することで，そのキャラクタになりきっている感覚,本論文では、VR空間でのダンス実験において、ユーザの緊張や羞恥という感情状態に注目し、アバタの変身感を介してこれらの感情がどのように変化するかを明確な評価軸として設定しているため。,,content user;演者役,IPSJ-EC2024024.txt,EDAsとしての緊張や羞恥の感情が論文の主要な評価対象・議論対象となっており、デザイン要件として明示され、意図的な感情変化の誘発およびその解析が行われているため。,True
2,False,このシステムはユーザーの動きに基づいたインタラクティブな体験を提供しますが、ユーザーの感情状態を故意に変えることを目的とした明確な意図や設計要件はありません。,False,この論文では、ユーザーに引き起こされることが期待される具体的な感情反応について議論や分析が行われていません。感情的効果ではなく、技術的な側面とシステムの性能に関する議論が中心となっています。,,この論文では、没入感のある喜び、興奮、または畏敬のような具体的な感情反応を設計要件として明示的に定義していません。デザインは、明確に定義された感情的ターゲットではなく、インタラクティブな視覚音響効果のための技術的実装に焦点を当てています。,,コンテンツユーザー,IPSJ-EC2024056.txt,コンテンツはEDAsを明確な焦点としていません。インタラクションが提供されているにもかかわらず、狙いとする感情反応の明確な仕様がありません。したがって、EDAsは明確に定義された主要なトピックではありません。,False
4,True,VRデュエルシステムは、ユーザーに物理的な感覚を引き起こすために、空気噴出やサーボモーターによる方向フィードバックといったメカニズムを意図的に組み込んでおり、ユーザーの感情状態に直接影響を与えます。,True,論文では、弾丸が銃に当たった際に、システムがどのようにして偏向感覚をシミュレートする視覚的および触覚的刺激を誘発するかについて詳細に議論しています。,銃が弾かれる感覚を提示する;敵の銃弾が自身の銃に当たると，その角度に応じて銃型デバイスの先端で空気が噴射され，銃が弾かれる感覚を提示する,システムは、弾丸が当たったときに銃が弾かれるという特定の触覚感覚を提供するように明示的に設計されており、体験デザインの核心部分となっています。,,コンテンツユーザー,IPSJ-EC2024109.txt,意図された触覚フィードバック（‘銃が弾かれる感覚’）は明確に定義され、中央の設計要素であり、主に技術的および機械的な視点から説明されることで、狙った感覚反応を明示化しています。,True
4,True,実験デザインの中で、キャラクタの操作性（移動速度や進行方向のノイズ）の変化を通じ、プレイヤの没入感や緊張感など、ユーザの内面的な感情状態へ直接的な影響を及ぼすことを狙っているため。,True,論文内では、アンケート調査やインタビューを通じて、『瀕死感』がプレイヤにどのような感情（例：緊張感、悔しさ、諦め）を喚起するかが詳細に議論されている。,キャラクタが死に近づいていく際にプレイヤが感じる感覚を「瀕死感」と定義する．;操作性の低下は，プレイヤの操作キャラクタに対する瀕死感の知覚に影響を与え，操作性が悪化するほど，瀕死感を強く感じる傾向にあると考察できる．,本研究では、操作キャラクタの体力低下に伴って発生する『瀕死感』という感覚を、ゲームの操作性変更を通じてプレイヤに意図的に提示することを目的としており、対象となる感情が明確に定義されている。,,プレイヤ,IPSJ-EC2024041.txt,EDAsは本論文の主要設計要素として明確に定義され、その影響が実験的に評価されており、ユーザの感情変化に焦点が当てられていることから、非常にわかりやすい。,True
4,True,ロボットの動作によって、直接的にユーザーの心理状態（安心感、緊張の緩和、発言へのハードルの低減）に働きかけることを狙っており、コンテンツ自体がユーザーの感情変容を目的としている。,True,論文内では、シナリオ例や具体的なインタラクション手法を通じて、どのような感情（例：緊張感の軽減、発言の促進）が期待されるのかが詳細に議論されている。,緊張感を生じさせずに自発的な発言を促す;あたかも話を聞きたがるように近づく,本論文では、会議における発言促進のために、参加者が感じる『緊張感』や『プレッシャー』を与えない、自己発信を促す環境づくりを狙っており、そのためのロボットの動作が設計要件に含まれているため。,,会議参加者;発言の少ない参加者,IPSJ-EC2024093.txt,ロボットの動作設計において、『緊張感を生じさせずに自発的な発言を促す』という明確な心理的効果を追求しているため、EDAに関して非常に明白な設計意図が読み取れる。,True
4,True,システムは、ユーザに直接影響を与える激励文を生成し、活動の継続に必要な内面的な支援（モチベーションの向上）を意図的に与えることを目指している。,True,論文中では、生成された激励文がユーザにどのような感情的反応（理解・評価されている実感、モチベーション維持・向上）をもたらすかが、定性的評価を通して分析されているため。,ユーザの継続意欲を向上させる激励文の生成システム;個々のユーザが直面する具体的な困難や成果に応じた支援;モチベーションを高めることを目的としている;自分の努力が理解され，評価されていると感じた,本稿では、ユーザの継続意欲やモチベーション向上という具体的な感情状態を直接狙った激励文生成システムの設計要件が示されているため。,,content user,IPSJ-EC2024086.txt,激励による感情変化（継続意欲・モチベーションの向上）がシステム設計の中心テーマとして明瞭に述べられており、対象となる感情も具体的に記載されている。,True
4,True,提案手法自体が、投げ銭時のトリガー操作における抵抗値と押下深さの調整を通じて、ユーザの感情状態（例えば達成感や実感）に直接影響を与えることを目的としており、コンテンツ使用中に意図的に感情体験を誘発することが狙いである。,True,論文内では実験・アンケートを通して、ユーザが投げ銭時に感じた達成感、躊躇い、お金の重さなどの具体的な感情反応を分析しており、どのような触覚提示がどの感情を引き起こすかが議論されている。,投げ銭時の触覚によって達成感が生まれる可能性が示された．;ユーザ各々にコンテンツを阻害せず，お金を投げている感覚を提示する．;抵抗がある時お金を投げている感覚について…「お金の重さを感じ投げている実感があって楽し い」，「貢いでいる感覚があって嬉しい」,本研究は、投げ銭時にユーザが触覚を通して「お金を投げている感覚」や達成感、さらには躊躇いといった心理的反応を、金額に応じた触覚変化として明示的に体験できるよう設計されているため、開発者側で具体的な感情体験が定義されている。,,コンテンツユーザ,IPSJ-EC2024076.txt,論文は触覚制御を中心とした手法およびその心理的影響（例えば、達成感や実感）の提示を明確に述べ、実験とアンケートによりその効果を検証しているため、EDAとしての設計意図や実験効果が非常に明快に示されている。,True
2,True,システム全体が、単に技術的な映像共有やアバター操作の実現だけでなく、視聴者がVR空間内でより没入した体験を得るという感情的効果（例：実在感、存在感の強調）を狙っているため、ユーザーの内面的な感情状態に働きかけることが目的となっている。,True,論文中では、実験の結果として視聴者からのフィードバック（例：アバターの存在感の薄さ、視点映像の追従が引き起こす「疲れ」など）が報告され、これらの反応がシステムの設計と連動していることが示唆されているため、ユーザーの感情状態に関する議論がなされている。,視聴者が空間への没入感を高く感じる;アバターの存在感が薄れる;視聴自体が「疲れる」,本研究では、VR空間における視聴体験の没入感を高めることを狙いとしており、例えば主観映像の提示方法やアバターの配置といった手法を通して、ユーザーに実世界に近い体験を提供する工夫がされている。この点は、感情（没入感や存在感）に直接影響を与える設計要件として示されているため、デザイン段階で意図的にユーザーの感情状態を操作しようとしている。,,視聴ユーザー,IPSJ-EC2024100.txt,感情への働きかけ、特に『没入感』や『存在感』の向上はシステムの設計目標の一端として明示されているが、全体としては技術的実現が主眼となっており、感情状態そのものの定量的または詳細な仕様は十分に詳述されていない。そのため、EDAs（ユーザーの感情に直接作用する機構）としては存在するものの、主題として徹底的に議論されてはいない。,True
1,False,コンテンツは、音楽の伴奏（合いの手）を生成するための技術的課題とアプローチ、特にパフォーマンスの自然さを向上させることに主に焦点を当てており、ユーザーの内部の感情状態に影響を与えることを意図的に目指していません。,False,この論文では、ユーザーから引き出されることが期待される具体的な感情的反応について議論していません。その代わりに、意図的な感情操作に明確な強調がなく、リズムの自然さや同期といった技術的パフォーマンスの改善に焦点を合わせています。,,この論文では、設計要件の一部として対象とされる感情的反応を明示的に定義していません。ジャムセッション中により「人間らしい」インタラクティブなパフォーマンス体験を提供することを目指していますが、ユーザーに喚起されることが期待される感情的結果を明確に指定していません。,,,IPSJ-EC2024073.txt,設計要件も実装も、ユーザーの内部の感情状態を主要な目標として明確に目指したり分析したりしていないため、ここで定義されたEDAsの存在は欠けています。,False
4,True,システムの設計や実運用の過程で、視聴者に強い没入感や臨場感を与え、感情的な体験を喚起することを狙った機能が織り込まれているため。,True,論文内では、実際のツアー実施後のアンケート調査を通して、利用者が感じた満足度や体験のリアルさについて詳細に分析されており、どのような感情体験が狙われたのかが記述されている。,臨場感あふれるジャングルバスオンラインツアーを提供できるシステム;動物がエサを食べる瞬間を間近で撮影し，視聴者に配信できる,本システムは、利用者（視聴者）に臨場感あふれるオンラインツアー体験を提供することを明確な目的としており、動物がエサを食べる瞬間を間近で捉えるなど、感情面的なリアリティや没入感を直接狙っている。,,視聴者;オンラインツアー参加者,IPSJ-EC2024002.txt,EDAsは本研究のサービス提供コンセプトの中心に位置付けられており、‘臨場感あふれるオンラインツアー’という具体的な表現や、利用者の感情反応を測定するアンケート結果が示されているため、明瞭に意図が伝わる。,True
4,True,現実世界とデジタル世界の連動を通じ、プレイヤが意図的に深い没入感や満足感を経験できるよう設計しており、ユーザーの感情状態に直接影響を与えることを企図している。,True,論文中では、ゲーム利用によってどのような感情体験（没入感、イリュージョン感、適度な納得感、意外性、満足感など）が引き起こされるかについて、具体的な例や手法を挙げながら解説している。,現実世界とリンクさせることで，プレイヤの没入感やイリュージョン感覚を高める;プレイヤの意図や工夫が反映される「納得感」;時には「意外な展開」を生じさせることを目指す;より深い没入感と満足感を得ることができる,本稿では、ゲームデザインの一環としてプレイヤの感情に直接働きかけることが明示されており、特に『没入感』、『適度な納得感』、『意外性』などが狙いとして具体的に述べられているため。,,プレイヤ,IPSJ-EC2024013.txt,EDAs（エンターテインメント・デザインアセット）の対象である感情反応が、ゲームデザインの核となる要素として明示され、詳細に説明されているため、非常に明確である。,True
1,False,この内容は、ユーザーの内部感情状態に意図的に影響を与えたり変更したりするのではなく、視覚的特徴の共有認識と注釈を促進することを目的としています。,False,この論文は、プレイヤーが自分の主観的な印象（例：テクスチャ、触覚の印象）を共有し説明する方法について論じていますが、ユーザーの感情的変化の意図については分析したり特定したりしていません。,,この論文は、設計要件として具体的なユーザーの感情反応を定義しておらず、予め決められた感情状態をターゲットとするのではなく、視覚的テクスチャの擬音表現を収集することに焦点を当てています。,,,IPSJ-EC2024038.txt,この論文は特定のユーザーの感情を喚起したり管理したりすることを設計目標にしていないため、デザインにおけるEDAの役割はわずかです。,False
1,False,コンテンツがユーザー自身の感情状態に意図的に影響を与えることを目的としているという示唆はありません。技術的なゲームプレイの統合と共有された物理的インタラクションに重点を置いています。,False,この論文では、コンテンツと対話する際にユーザーから期待される特定の感情的反応について議論したり分析したりしていません。議論は感情的影響よりもゲームの接続性と共通の体験に中心を置いています。,,この論文では、設計要件の一部として特定の感情的反応が意図されていることを示していません。特定の感情体験を引き起こすのではなく、ゲームメカニクス（目標意識と身体動作の共有）をつなげることに焦点を当てています。,,,IPSJ-EC2024020.txt,この論文はEDA（ユーザーの感情状態を変えるメカニズム）を設計目標として扱っておらず、異なるゲーム要素の統合と共有ゲームメカニクスの保持に焦点を当てています。,False
1,False,コンテンツは、ユーザーの感情状態を意図的に影響するのではなく、着色プロセスにおける手作業を削減し、生産効率を向上させることを目的としています。,False,コンテンツを使用した際にどのような感情反応が予想されるのかについての議論はなく、論文はアルゴリズムの正確性とシステムの効率性に集中しています。,,この論文はデザイン要件の一部として明示的にターゲットとされたユーザーの感情的反応を定義していません。その焦点は、ユーザーの感情を引き出したり調整したりするのではなく、着色作業を自動化するための技術的処理にあります。,,,IPSJ-EC2024026.txt,この論文は画像処理技術に焦点を当てた明確な技術的研究であり、ユーザーの特定の感情体験を引き出すことに重点は置かれていません。,False
1,False,このコンテンツは、スポーツビジョンとバッティングパフォーマンスのスキル向上を目的としており、ユーザーの感情状態に意図的に影響を与えることを目的としていません。,False,テスト参加者は、ボールがホームランのように打たれたときにシステムが「楽しい」と「良い」と感じたとコメントしましたが、論文ではこれらを意図されたものや体系的に設計された感情的結果として論じていません。,,この論文は、デザイン要件の一部として特定のユーザー感情反応を明確に定義しておらず、主にトレーニングを通じて視覚的および物理的パフォーマンスの向上に焦点を当てています。,,,IPSJ-EC2024018.txt,この論文の主な焦点は、特定の感情反応を引き起こすことに明確な強調がない技術トレーニングの側面とパフォーマンスフィードバックにあり、そのため明確なEDAはありません。,False
2,False,アプリケーション（例：HoooPizza）は運動を促進し、魅力的なゲームプレイを創出することを目的としていますが、ユーザーのモチベーションや楽しみを影響を与えるという暗黙の目的があります。ただし、これらを開発者が定義したターゲット感情反応として明示的には位置付けていません。,False,この論文はユーザーの相互作用や展示評価（例：ユーザー行動やエンゲージメントの観察）について論じていますが、使用中にどの特定の感情反応が引き起こされることが期待されるかを直接的に明言していません。,,この論文は、Connected Hoopの技術的および利用面とその応用について主に説明しています。ユーザーの設計要件として特定の感情反応（例：明示的な感情状態）を明確に指定していません。,,ゲーム利用者;試遊者,IPSJ-EC2024004.txt,この論文は、明確に定義された明示的な感情（EDA）設計要件よりも、技術的実現、デバイス機能、およびゲームプレイの応用に主に焦点を当てています。したがって、EDAは明確に区別された主要なトピックではありません。,True
1,False,システムが感情パラメータ（例：幸せ、好意、不安）を操作して物語の結果に影響を与えますが、コンテンツが意図的にユーザー自身の感情を変化させることを目的としているという記述はありません。むしろ、エンベロープ操作を通じて物語を語ることに焦点を当てています。,False,この論文では、エンベロープのダイナミクスが物語とキャラクターの関係を形成する方法について論じていますが、システムがユーザー（すなわちシステムを操作する人）に引き起こすことが期待される具体的な感情反応については分析または議論していません。,,この論文では、登場人物や物語世界の架空の「鑑賞者」の感情の動きを表すためにエンベロープを定義していますが、実際のコンテンツユーザーに直接引き起こされる意図された感情反応を明示的には指定していません。このデザインは、ユーザー自身の感情状態を明確な設計要件として対象にしていません。,[],,IPSJ-EC2024030.txt,この論文は、実際のコンテンツユーザーに対して明確に定義された感情反応を設計要件として設定しておらず、ユーザー自身の感情状態における意図的な感情喚起について議論していないため、明確なEDAコンテンツが不足していると評価されます。,False
1,False,このアプリケーションは視点によって視覚的外観を変えることによってインタラクティブな体験を生み出しますが、明確に定義された方法でユーザーの内部的な感情状態を変えることを意図していません。,False,この論文の議論は、食用レンズシステムの設計、シミュレーション、製作、および応用に集中しています。インタラクションから期待されるユーザーの感情反応（例：驚き、喜び）が何であるかについて明示的に議論されていません。,,この論文では、設計要件の一部としてユーザーの感情反応（明示的な感情や気分状態など）を特定していません。設計の焦点は、特定の感情状態を直接引き起こすことではなく、視覚的効果とインタラクティブな食のプレゼンテーションにあります。,[],,IPSJ-EC2024003.txt,この論文では、ターゲットとなる感情反応を明確にせず、それを主要なトピックとして設計していないため、EDAの側面が内容において明らかではありません。,False
2,True,システムは、擬似触覚を通じてユーザーの知覚とセンサーモーター体験を意図的に変えるように設計されています。コンテンツは、インタラクション中に触覚の錯覚を引き起こすことを目的とした視覚フィードバックメカニズムを導入し、ユーザーの主観的な感覚的な感情に影響を与えます。,False,この論文は、擬似触覚フィードバックの効果について詳細な実験評価とカスタム質問票（例えば「ターゲットに触れているような感覚」についての項目）を通じて議論しており、ユーザーの触覚認知と主観的体験を評価しています。これは、研究が喚起された感情反応の種類と強さを分析していることを示しています。,ターゲットに触れているような感覚,この論文は擬似触覚フィードバック（例えば、指の形状の変化、ターゲットの色、押し込み効果）を実装し、経験された感覚（例えば「錯触覚」や接触の認識）を評価していますが、これらの対象とした感情反応は開発者によって明示的に設計要件として定義されていません。むしろ、特定の感情状態を生み出すための明確なデザイン指示としてではなく、性能の相関関係として調査されています。,['コンテンツユーザー'],,IPSJ-EC2024006.txt,論文は擬似触覚効果とユーザー感覚を深く探求しており（これは感じられる状態の一種です）、その主な焦点は性能向上と評価にあります。意図された感情反応は、明確に確立されたデザインターゲットというよりは、出現する特性であるため、EDAは明確に定義された主要なテーマではありません。,True
1,False,提案されたシステムは、カスタマイズ可能な絵文字コンポーネントを通じてメッセージ送信における感情表現の精度を改善することを目的としています。明示的なデザインターゲットとして、ユーザーの内部的な感情状態（例えば、達成感、解放感など）を意図的に影響を与えることは目指していません。,False,この論文は、絵文字表現の変化（例えば、感情的ニュアンスを反映する涙やハートの数やサイズの変化）について論じていますが、システムを使用することによるユーザー自身の感情の変化を直接的に分析または詳細化していません。,,この論文は、テキストコミュニケーションにおける感情的ニュアンスを伝えるための絵文字のカスタマイズについて扱っていますが、システムがユーザーに直接誘発するように設計された感情反応が明確に定義されていません。デザイン要件は、ユーザー自身の感情状態を操作するのではなく、カスタマイズ可能な部分を通じて送信者の意図する感情を表現することに焦点を当てています。,[],,IPSJ-EC2024005.txt,この論文はコミュニケーションにおける感情的ニュアンスを洗練する必要性について明確ですが、ユーザー自身の感情状態を直接変更することを目的としたメカニズムを特定したり議論したりしていません。これはここで定義されたエンターテインメントデザインアセット（EDA）には必要です。,False
1,False,コンテンツは、あくまで異なるゲーム同士の接続によって共有体験やコミュニケーションの促進を目指しており、ユーザの感情状態に直接働きかけるメカニズムが設計上の主たる目的ではない。,False,論文中では、利用者の感情反応として何をどのように喚起するかという点について、具体的かつ明確な議論は展開されておらず、感情操作のメカニズムとしてのEDAは言及されていない。,,本論文は、プレイヤ間での目標意識と身体動作の共有によりゲーム体験の共通性を高めることに焦点を当てており、ユーザに特定の感情状態（例：達成感や興奮など）を明確に狙った設計要件として定義していない。,,プレイヤ,IPSJ-EC2024020.txt,EDAとしての明確な感情状態の定義、意図的な感情誘導の設計要件、及びその効果に関する議論が存在しないため、EDAsに該当する要素は認められない。,False
1,False,システムがユーザー自身の感情状態に意図的に影響を与えたり変更したりするように設計されているという兆候はない。,False,この論文は、ユーザーに引き起こされる期待される感情反応について議論していない。方法の開発と技術的評価に集中している。,,この論文は、設計要件の一部としてユーザーの感情状態を特定していない。画像処理のアルゴリズム的および技術的側面にのみ焦点を当てており、特定の感情的応答をターゲットにしていない。,,,IPSJ-EC2024026.txt,コンテンツが感情を引き起こすデザインや感情的ユーザー応答に関わらないため、EDA要素は存在せず、EDAに関する明確性スコアが最低となっている。,False
1,False,コンテンツはユーザの感情状態に直接影響を与える設計意図は示されず、主に運動能力の向上と視覚機能のトレーニングに主眼を置いている。,False,論文内で、使用により誘発される具体的な感情反応の詳細な議論や解析が行われていない。,,本論文はHMDを活用した野球の打撃技術やスポーツビジョンの向上にフォーカスしており、ユーザの感情状態を直接変化させるために具体的な感情（例：興奮、楽しさ、満足感など）を明示的な設計目標として定義していない。,,野球プレイヤー,IPSJ-EC2024018.txt,EDAに関連する要素は、本研究の主要トピックではなく、感情の明示的な設計要求および評価がなされていないため、EDAは存在しないと判断される。,False
2,False,このコンテンツは、フィジカルエクササイズを促進したり、新しいゲーム体験を提供することで、ユーザー自身の感情状態に間接的に影響を与えることを目的としています。しかし、この影響は、明確に定義された内部感情状態を喚起するという観点では明示されていません。,False,論文は展示中のユーザーの反応（例：使いやすさ、プレイのモチベーション、パフォーマンスの向上）について言及していますが、期待される感情反応の種類を明示的に述べたり、感情デザインのターゲットとして体系的に分析したりしていません。,,この論文は、デザイン要件としてターゲットにする感情状態を明確に指定していません。デバイスとその付随するゲーム（例：HoooPizza）が運動のモチベーションと参加を促進することを強調していますが、特定の内部感情反応（例えば、興奮、満足感、達成感など）をデザイン要件の一部として明確に定義していません。,,コンテンツユーザー,IPSJ-EC2024004.txt,この論文は、運動への参入障壁を下げたり、楽しいゲーミフィケーション環境を作ったりするなどの体験的およびモチベーションの側面に触れていますが、意図された感情（EDA）ターゲットは明確に定義されておらず、中心となるデザイン目標として論じられていません。,True
1,False,システムは異なるゲーム間での共通体験の創出とコミュニケーションの促進を目的としているが、ユーザーの感情状態に直接影響を与える仕組みとしては具体化されていない。,False,論文内では、ユーザーにどのような感情反応を引き起こすかについて詳細に議論しておらず、主にゲームの物理的共有と動作の連動に焦点を当てている。,,論文ではプレイヤ間の目標意識と身体動作の共有を強調しているが、ユーザーの感情状態（例：楽しさ、達成感、共感など）を明確に定義し、設計要件として記述している部分は見受けられない。,,プレイヤ,IPSJ-EC2024020.txt,EDAとしての具体的な感情体験を設計要件に盛り込む、またはそれを明示的に検証する記述がないため、EDAに関する記述は非常に薄い。,False
1,False,内容は、ユーザーの感情状態に意図的に影響を与えたり操作したりするのではなく、生産効率と技術的正確性を向上させることを目的としています。,False,本論文は、システムと対話する際にユーザーが持つと期待される感情反応や経験を議論または分析していません。,,本論文は、設計要件の一部として意図的または明確に定義されたユーザーの感情反応を指定していません。作業の削減のために技術プロセス（アニメ線画の着色）を自動化することに焦点を当てており、ユーザーから特定の感情状態を引き出すことは目的としていません。,,,IPSJ-EC2024026.txt,本論文は具体的な感情ターゲットを示さず、ユーザーの感情に影響を与えるための戦略を議論していないため、EDAを主要なトピックとして扱っていません。,False
1,False,システムはユーザーの打撃技術や視覚機能の向上を目的としており，ユーザーの感情状態そのものを意図的に操作しようとしている記述は見受けられないため．,False,論文中には、テストプレイでのユーザの反応（「楽しい」「気持ちが良い」）に言及はあるが，それが設計段階であらかじめ期待される感情反応として明確に議論されているわけではないため．,,本研究は主に野球の打撃能力向上のための視覚的トレーニングシステムを提案しており、感情状態を明確にターゲットとして設計要件に盛り込んでいないため．,,プレイヤー,IPSJ-EC2024018.txt,EDAsが本稿の主要な議論対象ではなく，感情状態の操作や明確な感情ターゲットの設定が意図されていない．,False
2,False,このコンテンツは、ユーザーの動機状態に影響を与えることを目的としており、ゲーム化を通じて運動や楽しみを促進しようとしています（HoooPizzaアプリケーションで証明されています）。,False,この論文は、アプリケーションとユーザー行動（例えば、プレイや運動への意欲の向上）を説明し、動機などの要因について議論していますが、特定の感情反応に関する詳細な議論や定量的な目標は含まれていません。,,この論文は、ユーザーを動機付け、魅了する可能性のある新しいゲームコントローラーを説明していますが、特定の感情反応（達成感、解放感など）をコンテンツ設計の要件として明確に指定していません。,,ゲームプレイヤー,IPSJ-EC2024004.txt,この論文の主な焦点は、ゲームコントローラーとしてのConnected Hoopの技術的実装と応用に置かれています。ゲーム化と動機付けに言及されていますが、ユーザーの内部感情状態を明確に定義された設計目標にはしておらず、EDAsへの間接的な言及にとどまっており、明確で中心的な設計要素とはなっていません。,True
4,True,デザイン自体が、視聴者の感情状態、すなわち共同主体性や一体感（We-mode）を意図的に喚起することを目的としており、ユーザ自身の感情状態への影響を狙っている。,True,論文内では、We-mode の生起条件やその実現のために必要な要素について詳しく議論され、さらに実験で参加者の主観評価（共同制御感、共同貢献感）を通して感情体験が評価されている。,視聴者全員が『私たち』として達成感や配信者とのつながりを得ることができる;大規模 We-mode を生起させる;参加者全員がゲームに影響を与えたと感じることができ，達成感や配信者とのつながりを得ることができる,本論文では、ゲームデザインの狙いとして、視聴者全員が『私たち』として達成感や配信者とのつながりを得るという、明確な感情体験（We-mode）の創出が掲げられており、これはデザイン要件として明示されている。,,視聴者;ゲーム参加者,IPSJ-EC2024037.txt,We-modeの誘発をゲームの主要な目的とし、具体的な設計要件や実験による評価が行われているため、対象となる感情体験が明示的かつ中心的に取り扱われている。,True
4,True,このコンテンツは意図的にユーザーの感情状態に影響を与えることを目指しています。アバターの選択が、VRダンスパフォーマンス中のユーザーの緊張と羞恥の感情に直接影響を与えるようにデザインされています。,True,この論文では、どのような感情的反応が期待されるかについて詳しく議論しており、アバターの効果を評価するために質的（認知された緊張と羞恥に関する質問票）および量的な指標（ダンスゲームのスコア）を提供しています。,VRアバタを着用してダンスを踊る際に感じる緊張や羞恥;プロテウス効果により緊張や羞恥が軽減される;自身の外見からかけ離れたキャラクタのアバタを着用することで、そのキャラクタになりきっている感覚,この論文は、ユーザーの感情状態（特に、緊張と羞恥）が対象であることを明確に示しています。デザイン仮説は、自分の外見とは非常に異なるアバターを着用することで（プロテウス効果を活用して）、ユーザーはこれらの否定的な感情の軽減を体験するというものです。,,コンテンツユーザー（VRアバターの着用者 / ダンスパフォーマー）,IPSJ-EC2024024.txt,プロテウス効果を通じて緊張と羞恥を軽減することに焦点を当てることは、この論文の主要なトピックの一つであり、これらの感情状態は明確に定義され、実験デザインに統合され、明示的に測定されています。,True
2,False,このシステムは、ユーザーの体の動きによって引き起こされる特別な攻撃アニメーションなど、インタラクティブな視覚フィードバックを提供するように意図的に設計されています。そういう意味では、特定のムード（例えば、没入感のある感覚）を喚起することを目指しています。,False,論文では「より没入感のある体験」の提供のような要素が言及されていますが、ユーザーから期待される具体的な感情反応については詳細に論じていません。したがって、感情的な影響の徹底的な分析は行われていません。,より没入感のある体験を提供,この論文は、設計要件の一部として特定の感情反応（例えば、興奮、驚嘆、達成感などの明確な感情状態）を明確に指定していません。主に技術的機能性とインタラクティブな反応に焦点を当てており、正確な感情ターゲットを定義していません。,,コンテンツユーザー,IPSJ-EC2024056.txt,論文のインタラクティブなアプローチは、いくつかの感情的影響（例えば、没入感）が望ましいことを示唆していますが、明示的で明確に定義されたターゲット感情の欠如や、意図された感情反応の詳細な議論がないため、EDAはわずかにしか取り扱われていません。,True
4,True,The system aims to directly influence the user's haptic state using specific mechanisms such as air jets when enemy bullets hit the user's gun.,True,"The paper discusses in detail how the experience of 'feeling bullets being deflected' is presented, as well as the physical and emotional background (expressions in Westerns, comedies, etc.).",銃が弾かれる体験;銃が弾かれる感覚,"This paper is designed to provide users with a 'feeling of bullets being deflected' as a predetermined haptic feedback in the VR duel system, with the premise that players will definitely experience it.",,content user,IPSJ-EC2024109.txt,"The sensory experience as a central element of system design is explicitly stated, and it clearly describes what kind of haptic experience is targeted, resulting in a high level of clarity.",True
4,True,操作キャラクタの体力に伴う操作性の変化を通じて、プレイヤに意図的に瀕死感を与え、これが没入感にどのように影響するかを検証するという目的から、ユーザーの感情状態に直接影響を与える仕組みが提案されている。,True,論文では、瀕死感の提示がプレイヤの没入感に与える影響を実験（アンケートやインタビュー）を通して解析しており、どのような感情反応が狙われているかが記述されている。,キャラクタが死に近づいていく際にプレイヤが感じる感覚を『瀕死感』と定義する．;操作性の変化により、プレイヤは操作キャラクタが死に近づいていると感じる．,本研究では、キャラクタが死亡または戦闘不能に近づく際にプレイヤが感じる『瀕死感』を明確に定義し、ゲームシステム（操作性の変化）として設計要件に組み込んでいるため、ユーザー（プレイヤ）の感情状態に直接働きかける要素が明確に指定されている。,,プレイヤ,IPSJ-EC2024041.txt,EDAsとしての瀕死感の提示は、研究の中心テーマとして明示的に定義・設計され、実験によりその効果が議論されているため、非常に明瞭である。,True
3,True,提案システムは、ロボットの振る舞いを通じて会議参加者の感情状態、特に『緊張感の低減』と『自発的な発言』を引き出すことを狙っており、ユーザの感情状態に直接働きかけることを意図している。,True,論文中で、ロボットの動作により発言の少ない参加者が『話したい』と感じたり、発言の多い参加者に対しては無意識のうちに自分の発言の多さに気づかされるなど、具体的な感情や心理反応を期待している点が議論されている。,発言を促すことで，指名された人は発言の準備ができ，緊張感の少ない，ゆるやかなファシリテーションとなることを目指す;ロボットがあたかも話を聞きたがっているかのように振る舞い，自発的な発言のきっかけをつくる,本文では、会議参加者が厳密に指名される場合に生じる緊張感や心理的プレッシャーを回避し、自発的な発言を促すことを目的として、ロボットの動作（近づく・離れる）によるファシリテーションをデザインしている。これは、ユーザが感じるべき心理状態（例：安心感や緊張感の低減）が明確に設計要求として盛り込まれているため。,,会議参加者,IPSJ-EC2024093.txt,本稿は主としてファシリテーション手法の設計に焦点を当てているが、その中で参加者の心理状態（緊張感の低減、発言促進といった感情）の変化を明確に意図しており、EDAとしての要素が十分に議論されている。ただし、感情設計が主題として全面的に扱われるわけではないため、やや補助的な位置付けとなっている。,True
4,True,システムは、生成AIを用いてユーザに対しパーソナライズされた激励文を提供し、ユーザ自身の感情状態（励まされる、認められていると感じる）を deliberately 変化させることを目的としているため。,True,論文内では、実験評価を通じてユーザが激励文を受け取った際にどのような感情反応が生じたか（例：『自分の努力が理解され，評価されていると感じた』）が定性的に議論され、期待される感情体験が明示的に扱われているため。,ユーザの継続意欲を向上させる;モチベーションを高める;自分の努力が理解され，評価されていると感じた,論文では『ユーザの継続意欲を向上させる』ことが設計要求として明確に定義され、個々のユーザの努力に応じた激励文を生成することで、ユーザの感情状態（モチベーションや達成感）に直接影響を与えることを意図しているため。,,content user,IPSJ-EC2024086.txt,EDAsとしてのターゲット感情（継続意欲・モチベーション）がシステム設計の核心にあり、具体的なフィードバック例や実験評価が示されるなど、感情状態に及ぼす影響が明確に記述されている。,True
4,True,提案された方法は、チップの金額に基づいてコントローラーのトリガーの抵抗と深さを変えることによって、ユーザーの自らの感情状態に影響を与えることを意図しています。これにより、重量感、存在感、達成感などの感情を呼び起こすために、触覚的感覚を直接変化させます。,True,この論文は、どのような感情反応が期待されるかについて詳しく論じています。異なるトリガー抵抗設定がユーザーの貨幣価値の認識をどのように変えるか（例：抵抗が増すことでより多くの金を使っていると感じる）をカバーし、ユーザーフィードバック（例：「お金の重さを感じ投げている実感」、「達成感」）を記述しています。これは、ユーザーの感情状態への意図された影響を示しています。,お金を投げている感覚;達成感;お金の重さを感じ投げている実感,この論文は、チップを送り行う際に特定の触覚体験を呼び起こすべきことを明確に指定しています。具体的には、「お金を投げている感覚」と達成感などの関連する感情を含みます。この要求は、ユーザー体験を向上させるためにデザインに明確に設定されています。,,content user,IPSJ-EC2024076.txt,ターゲットとする感情反応はデザイン要件として明確に述べられ、ユーザーの感情に対する意図した影響は明示されており、この論文は期待される体験結果について詳細に論じています。これにより、EDAは作業の明確で中心的なトピックとなっています。,True
3,True,システム自体が、ユーザーの感覚状態（例：没入感や臨場感）を積極的に変化させることを狙って設計され、実際のVR体験の共有により現実的な身体的コミュニケーションや視覚的情報の提示を通じて、ユーザーの感情に直接影響を与えることを目的としている。,True,論文内では、例えば視聴ユーザーが‘空間への没入感’を強く感じるような提示方法、アバターと主観映像の同時提示による体験再現の手法など、どのような感情反応を期待しているかが具体的に示されており、その結果や課題も議論されている。,視聴者が空間への没入感を高く感じる;VR 体験の没入感を高めるため,本システムは、VR空間内での共有体験において、ユーザーが実際に体感できる‘没入感’や‘一体感’を意図的に高める設計になっている。特に、視点映像の提示方法や3Dアバターの動作制御を通して、ユーザーの空間認識や体験感情に直接働きかけているため、デザイン段階で感じてほしい感情反応が明確に設定されている。,,視聴ユーザー,IPSJ-EC2024100.txt,論文は主に技術的実現方法の提示が中心だが、同時にユーザーが受ける感情体験（没入感、臨場感）についても明示的に言及しており、感情変化への働きかけがデザイン要件の一部として組み込まれている。しかし、感情に関する議論は技術実現の補助的な立場にあるため、完全に深く掘り下げられてはいない。,True
1,False,システムはより自然でインタラクティブな演奏体験を提供することを目指しているが、その結果としてユーザーの感情をどのように変化させるかについては意図が明確に示されていない。,False,論文中でユーザーにどのような具体的な感情反応を引き起こすかについての議論はなく、技術的検討や実験結果の提示が中心となっている。,,本論文はシステムの技術的側面や合いの手生成に焦点を当てており、ユーザー（演奏者）の具体的な「感情状態」を明確に設計要件として定義していない。,,演奏者,IPSJ-EC2024073.txt,システムの開発や技術的課題、モデルの改善点が主なテーマであり、ユーザーの感情状態に直接作用する要素（EDA）として明確に扱っているとは言えない。,False
3,True,システムは、オンラインツアーにおいて従来の遠隔感を克服し、視聴者が自宅にいながらも実際のサファリの情景を臨場感たっぷりに体験できるよう、感情状態の変化（例：ワクワク感、現場の迫力）を直接狙っている。,True,論文内では、設計されたシステムがどのように『臨場感あふれる』オンラインツアー体験を提供し、実運用後のアンケート結果で視聴者の満足度や体験の評価が示されるなど、ユーザの感情に及ぼす影響について言及がある。,臨場感あふれるジャングルバスオンラインツアー;動物がエサを食べる瞬間を至近距離で撮影し，視聴者に配信できる,本システムは、利用者に『臨場感』や『間近で動物の行動を体感する』という体験を提供することを設計要件の中核として明記しているため、開発者が狙う感情（immersive experience）が明示されている。,,content user (視聴者),IPSJ-EC2024002.txt,本論文では、ユーザが得るべき感情体験として『臨場感』や『近接感』が設計上の要件として明示され、実施実験とアンケートでその評価にも言及しているため、EDAは主要な議題として扱われるが、感情表現の具体的な定義や測定方法については技術的側面とともに言及されている点から、主題としては明確であるもののやや技術依存に留まっている。,True
4,True,コンテンツ自体が現実世界とデジタル世界の連携を通して、プレイヤが直接体験し感じる『面白さ』や『没入感』などの感情変化を狙いとして設計されているため。,True,論文内では、映像や写真に対してプレイヤがどのような心情（例：『適度な納得感』、『意外な展開』）を得るのかが具体的に議論され、システムやマルチモーダルLLMの特性として説明されているため。,現実世界とデジタル世界のリンクが挙げられる．... プレイヤの没入感やイリュージョン感覚を高める;プレイヤの意図や工夫が反映される「納得感」と，時には「意外な展開」を生じさせることを目指す;プレイヤは『適度な納得感』を得る生成を実現し，多人数がリアルタイムに参加できるゲームデザインを構築した;より深い没入感と満足感を得ることができる,本稿では、ゲームデザインの中でプレイヤが得るべき具体的な感情（例：没入感、納得感、意外性、満足感など）が明示され、それらがコンテンツの設計要件に組み込まれているため。,,プレイヤ,IPSJ-EC2024013.txt,EDAsとして注目すべき感情（没入感、納得感、意外性など）が論文の中心的な設計要素として明確に扱われており、プレイヤの感情反応を強調しているため。,True
1,False,このコンテンツは、ユーザーの特定の感情状態に意図的に影響を与えたり誘発したりするのではなく、主観的印象のコミュニケーションとデータ収集を可能にすることを目的としています。,False,この論文では、プレイヤーが自分の印象や感覚知覚を共有する方法について論じていますが、コンテンツの使用によって意図的に引き起こされる期待される感情や感覚の反応（例：興奮、喜び、緊張などの定義された感情）を記述や分析していません。,,この論文では、デザイン要件の一部として、ターゲットとする感情や感覚の反応の明示的な仕様が含まれていません。それは、ユーザーの内部の感情状態の特定の変化を直接定義したりターゲットにしたりするのではなく、オノマトペを通じた視覚的テクスチャの共有知覚を促進することに焦点を当てています。,,,IPSJ-EC2024038.txt,ゲームや手法が、明確に定義された感情反応を主要なデザイン目標として設計された証拠はほとんどありません。焦点は、特定の感情状態を引き起こすことではなく、知覚的印象を注釈付けし共有することにあります。,False
4,True,デザイン自体が視聴者の内的体験、特に大規模な共同主体性（We-mode）や達成感、連帯感の誘発を目指しており、ユーザーの感情状態に直接働きかけるメカニズムとして設計されているから。,True,論文内では、視聴者が集合的に『私たち』として行動することによって得られる達成感や配信者とのつながりといった感情体験（We-mode）について、その生起条件や実験結果に基づいて詳細に議論されており、どのような感情が誘発されるか明確に述べられている。,視聴者全員が『私たち』として達成感や配信者とのつながりを得ることができる;視聴者が多人数であっても We-mode を生起させるゲーム,本研究では、ゲーム参加中の視聴者が個別の意思ではなく『私たち』として、一体感・達成感・配信者とのつながりを感じるように意図的にデザインされており、これらの感情状態がデザインの初期段階から具体的に設定されているため。,,視聴者（コンテンツ参加者）,IPSJ-EC2024037.txt,論文はWe-modeという概念を中核に据え、視聴者の感情状態（達成感、連帯感、共同主体性）を明確に定義し、それを実現するためのデザインおよび実験検証まで詳細に記述しているため、EDAが本研究の主要テーマとして明確に示されている。,True
4,True,実験のセットアップは、ユーザーのアバターを意図的に変更して（プロテウス効果を活用し）、パフォーマンスに対するユーザーの感情状態に影響を与え、特に緊張や羞恥を軽減することを目的としています。,True,この論文では、異なるアバター（例えば、キャラクター対標準）が緊張や羞恥の感情にどのように影響を与えると予想されるかについて詳細に議論し、これらの感情的反応を測定する方法（質問票やゲームの得点）を概説しています。,アバタを着用してダンスを踊る際に感じる緊張や羞恥の影響;そのキャラクタになりきっている感覚がダンスを踊る際に感じる緊張や羞恥に及ぼす影響を検証する,この論文の実験は、ユーザーがVRでダンスを行う際に経験する緊張（tension）や羞恥（shame）という否定的な感情をターゲットにし、軽減することを明示的に目的として設計されています。これらの感情的反応は、デザイン要件の一部として特定され、測定されます。,,コンテンツユーザー,IPSJ-EC2024024.txt,EDAはこの論文の明確で中心的なテーマであり、期待される感情状態の変化（緊張や羞恥）を測定することに焦点を当てるだけでなく、VR体験のデザイン選択を通じてそれらに意図的に影響を与えることにも焦点を当てています。,True
1,False,システムはインタラクティブであり、偶然に没入感やエンゲージメントを引き起こす可能性はありますが、ユーザーの感情状態に明確に影響を与えるようには意図的に設計されていません。,False,この論文は特定の期待される感情反応について議論または分析しておらず、コンテンツがユーザーの感情にどのように影響するかではなく、技術的なシステムの実装とパフォーマンス評価に焦点を当てています。,,この論文は、設計要件において明確な感情的反応を指定していません。インタラクティブなデジタルアート体験を創出することを目的としていますが、目指す感情状態を明確に定義していません。,,コンテンツユーザー,IPSJ-EC2024056.txt,この論文の主な焦点は、インタラクティブなプロジェクションマッピングシステムの技術的な開発と性能にあります。感情的または感情反応（EDA）に関連する側面は明示的に定義されておらず、詳細に議論もされていません。,False
4,True,システムは、模擬弾の衝撃に応じて空気を噴出することで触覚体験を誘発するよう意図的に設計されており、ユーザーの感情状態に意図的に影響を与えています。,True,この論文では、ターゲットとされる感覚を喚起するために期待されるメカニズム（サーボモーターによる空気注入、発射方向の調整など）について詳しく説明されており、それらが意図されたユーザー体験に明示的に結び付けられています。,銃が弾かれる体験;弾かれる感覚を提示する;空気を噴射することで、銃が弾かれる感覚を提示する,この論文は、銃が弾かれる感覚という意図された感情をシステムのデザインの一部として明示的に定義しています。この感覚はオプションとして提示されるのではなく、固有の、明確に指定された要件として提示されています。,,コンテンツユーザー,IPSJ-EC2024109.txt,銃が弾かれる感覚はプロジェクトの中心テーマです。デザイン、そのメカニズム、および意図された触覚フィードバックが明確に説明されており、論文の焦点を形成しています。,True
4,True,実験の目的自体が、プレイヤが操作中に感じる『瀕死感』によって没入感などの心的体験に影響を与えるかを調査することで、ユーザーの感情状態への直接的な介入が意図されている。,True,実験ではアンケートやインタビューを通じて、操作性の変化が『瀕死感』としてどのような感情体験を引き起こすかが評価・議論されているため、狙った感情反応について詳細に分析している。,キャラクタが死に近づいていく際にプレイヤが感じる感覚を『瀕死感』と定義する．;操作性の低下は，プレイヤの操作キャラクタに対する瀕死感の知覚に影響を与え，操作性が悪化するほど，瀕死感を強く感じる傾向にあると考察できる．,論文では操作キャラクタの体力減少に応じた操作性の変化を用いて、『瀕死感』という具体的な感情体験を意図的に誘発することを明記しており、開発者がその体験を明確に定義しているため。,,プレイヤ,IPSJ-EC2024041.txt,『瀕死感』という体験が論文内で明確に定義され、操作性の変化を通じてその感情がどのように引き起こされるかが中心的なテーマとして示されているため、EDAとしての主題は非常に明確。,True
3,True,ロボットの動きで直接的に参加者の感情状態（例：緊張の軽減、発言の促進）に働きかけ、ファシリテーションの効果を高めることを目的としているため。,True,論文内では、ロボットが近づいたり離れたりする動作を通じて、参加者の発言意欲や心理的負担（緊張感、プレッシャー）の変容が期待されると具体的なシナリオで議論しているため。,発言の少ない参加者にあたかも話を聞きたがるように近づく．これにより，緊張感を生じさせずに自発的な発言を促す;ゆるやかなファシリテーションとなることを目指す,本稿では、参加者に緊張感を与えずに自発的な発言を促すことを狙い、ロボットの動作を介して安心感やリラックスなどの心理状態の変化を誘発するように設計されているため。,,会議参加者;発言の少ない参加者,IPSJ-EC2024093.txt,感情の変化（緊張感の軽減、自発的発言促進）がデザイン要件に組み込まれており、狙いも明確だが、具体的な感情状態の詳細な定義はやや抽象的であるため。,True
4,True,このシステムは、ユーザーの内部状態に影響を与えることを明示的な目的として構築されており、理解され鼓舞されているというようなポジティブな感情を喚起するフィードバックを提供することによって、ユーザーのモチベーションに直接影響を与えます。,True,この論文では、生成された励ましのメッセージがユーザーの気分やモチベーション状態に期待される効果について論じており、これらの効果を検証するために定性的分析でユーザーの反応を評価しています。,ユーザの継続意欲を高める;モチベーションを高めることを目的としている;日々の執筆の継続を支援する,この論文は、システムが個々の努力と成果に基づいてパーソナライズされた励ましのメッセージを提供することにより、ユーザーのモチベーションを高めるように設計されていることを明示的に示しています。意図された感情反応（例えば、モチベーションや持続性の向上）は、設計要件として明確に定義されています。,,content user,IPSJ-EC2024086.txt,モチベーションフィードバックの生成とそのユーザーの感情への影響は、論文の核心を構成しています。メカニズムとターゲット感情反応は明確かつ意図的に扱われており、EDAの焦点を明示的かつ中央にしています。,True
4,True,提案手法は、トリガーの抵抗制御を通じて金額に応じた触感を提示し、ユーザの体験を直接変化させることを狙っており、ユーザの感情状態（例えば、お金の重さや達成感）に意図的に働きかける仕組みとなっている。,True,論文中では実験およびアンケート結果を通して、抵抗の有無や強度がユーザに与える感覚（例：『お金を投げている感覚』、『達成感』、さらには躊躇いなど）が詳細に議論され、期待されるユーザの心理的反応が明示されている。,お金を投げている感覚;達成感;お金の重さを感じ投げている実感があって楽し い;貢いでいる感覚があって嬉しい,本研究では、投げ銭時にユーザが感じる『お金を投げている感覚』や『達成感』などの心理的・触覚的反応を明確なデザイン要件として定め、その指標（抵抗の始まる位置、押下深度、力の変化）を設定しているため、対象の感情が明示的に定義されている。,,視聴者;ユーザ,IPSJ-EC2024076.txt,EDAsとして狙っているユーザの感覚体験が設計要件および実験結果として具体的に記述され、主要なテーマとして一貫して扱われているため、明瞭度は非常に高い。,True
3,True,システムは、単なる映像伝達に留まらず、VR空間での視聴体験を通じて利用者の内面的な感覚、特に没入感を積極的に変化させようと意図して設計されているため。,True,本文中では、主観映像の提示方法の改良や、視聴者がどのようにモニター映像や3Dアバターの動作によって没入感が変化するかについて詳細に議論され、実験結果や改善点を通じて利用者の感情体験（例：疲労感やアバターの存在感への反応）も分析されている。,視聴者が空間への没入感を高く感じる;主観映像を提示することでVR体験の共有と没入感の向上を目指す,本論文では、VR体験の共有において視聴者が感じる「没入感」を高めることを狙いとしており、視聴者の体験（例：『視聴者が空間への没入感を高く感じる』）を明示的な設計目標の一つにしているため。,,視聴ユーザー,IPSJ-EC2024100.txt,論文は没入感をはじめとする感情体験を設計および評価の対象として明示しているが、EDAsとしての定義や仕様に対する記述は専門的な感情表現の定義には及ばないため、主題としては中心でありつつも若干の曖昧さが残る。,True
1,False,システムの目的は『より人間らしく，インタラクティブな演奏体験』を提供することであるが、これは漠然とした体験向上の意図であり、感情状態に直接働きかける具体的な仕様として設計要求に落とし込まれていない。,False,論文中ではシステムがどのような感情応答を引き起こすかについての詳細な議論や、具体的な感情状態に関する記述は見受けられない。,,本論文はジャムセッションにおける合いの手自動生成システムの技術的側面を中心に述べており、ユーザー（ミュージシャン）が得るべき具体的な感情状態（例：喜び、感動、安心感など）について、明確かつ一義的に定義されていない。,,ミュージシャン,IPSJ-EC2024073.txt,技術的な課題やシステムのアーキテクチャの説明が中心で、ユーザーにどのような感情変化を与えるかという点が明示的に議論されていないため、EDAとしての要素は見当たらない。,False
3,True,システムは、映像や操作方法（例えば、片手操作可能なコントローラやカメラの角度プリセットなど）を通じ、利用者に直接『臨場感』やリアルな体験感を与えることを狙っており、その結果、ユーザー自身の感情状態に意図的な影響を与える仕組みとなっているため。,True,論文内では、システムを用いたオンラインツアーの実運用や視聴者アンケート結果を通じて、利用者がどのような体験や感情（例：臨場感・没入感）を得るかについての議論が行われているため。,臨場感あふれるジャングルバスオンラインツアー;視聴者に臨場感がある映像を提供できる,本研究では、システム設計の中で『臨場感あふれるジャングルバスオンラインツアー』という体験を実現するために、エサやりの瞬間を至近距離で撮影し、カメラのPTZ操作などを通じて使用者が没入感を得られるように明確に仕様として定めているため。,,視聴者;オンラインツアー参加者,IPSJ-EC2024002.txt,EDAsとしての『臨場感』などの体験価値が設計要求の中核に位置づけられ、ユーザの体験評価（アンケートなど）でもその狙いが反映されているものの、技術的な設計詳細に重点が置かれているため、EDAの議論は明確な主題ではあるがやや不明瞭な部分もある。,True
4,True,ゲームシステム自体が直接ユーザの没入感、満足感、そして予測可能性と意外性のバランスを通じた感情変化を促すように構成されており、ユーザの感情状態に意図的に働きかけることが目的とされている。,True,論文内で、具体的な感情反応（例：「適度な納得感」、「意外な展開」、「没入感」、「満足感」）がどのように得られるか、またシステムがそれらをどのように引き出すかについて詳述されている。,プレイヤの没入感やイリュージョン感覚を高める;適度な納得感;意外な展開;より深い没入感と満足感,本稿では、デジタルと現実世界の連携を通じて、ユーザが『適度な納得感』や『意外な展開』といった感情を直接体感することを狙っており、これらは明示的に設計要件として記述されているため。,,content user;プレイヤ,IPSJ-EC2024013.txt,EDAsとしての感情変化が『ピクチャーハンター II』の設計の中核に位置付けられており、主要な感情要素が具体的なキーワード（例：適度な納得感、意外な展開、没入感、満足感）として明確に示されている。,True
1,False,このコンテンツは、ユーザー自身の感情状態に直接影響を与えることを目的としていません。主な目標は、プレイヤー間で感覚的印象の表現を収集・比較し、より良い相互理解を促進することです。,False,この論文は、コンテンツが呼び起こすと期待される意図された感情反応について議論や分析を行っていません。オノマトペ的表現の言語的特徴と変動性の評価に中心を置いています。,,この論文は、デザイン要件として明確にターゲットとされた感情状態を指定していません。焦点は、特定のユーザーの感情を意図的に呼び起こすのではなく、オノマトペを介して主観的な印象の共有を促進することにあります。,,,IPSJ-EC2024038.txt,デザインにおけるターゲットとされた感情反応についての明示的な言及がないため、ユーザーの感情を操作するメカニズムは定義されておらず、EDAに関する明確度スコアは最小限となっています。,False
4,True,ゲームデザイン自体が意図的に視聴者の感情状態（We-mode、すなわち共同行為から得られる達成感や一体感）を生起させることを目指しており、感情変化を誘発する仕組みが組み込まれている。,True,論文内で、視聴者が多人数で参加しても『私たち』として一体感や達成感、配信者とのインタラクションを感じる設計であることを実験結果・議論を通して詳細に分析しているため。,視聴者全員が「私たち」として達成感や配信者とのつながりを得ることができる;全員が一体となって入力を行い、共同行為としてのWe-modeを生起させる,本論文は、視聴者がゲーム参加を通じて『私たち』としての一体感、達成感、配信者とのつながりを得ることを明確にデザイン要件としており、そのためのゲームメカニズム（例：ステージ回転の入力に基づく協調行動）が詳細に説明されているため。,,視聴者,IPSJ-EC2024037.txt,EDAsは本研究の主要な設計ターゲットの一つであり、具体的な感情反応（達成感、連帯感、一体感）が明確に設定され、実験や議論を通してその効果について説明されているため。,True
4,True,アバタの外見変化（特に版権アバタ）が、ユーザの身体所有感や変身感を高めることで、緊張や羞恥といった感情に直接的な影響を及ぼし、これらの感情状態を軽減することを意図している。,True,論文では、実験手法としてアンケート項目およびダンスゲームのスコア評価を用いて、実際に着用するアバタによる緊張や羞恥の変化を定性的・定量的に検証することが議論されており、どのような感情反応が引き起こされるかを詳細に分析している。,VRアバタを着用してダンスを踊る際の緊張や羞恥の影響の検証;着用することで緊張や羞恥が軽減されれば，ダンス中に緊張や羞恥を気にせずに授業に意欲的に取り組むことができる方法の1つとなりえる,本研究では、VR空間でのダンス実験において、ユーザが感じる『緊張』と『羞恥』という具体的な感情状態を、プロテウス効果に基づいて変化させることが明示的に設計要件として設定されている。,,content user,IPSJ-EC2024024.txt,EDA（緊張や羞恥の軽減）は本研究の中心テーマであり、その対象感情が実験設計、評価方法ともに明確に規定され、内容として強調されているため。,True
2,False,システムはユーザーの動きに反応し映像を変化させることで、体験のインタラクティブ性や没入感の向上を図っているため、ユーザーの感情状態に影響を与える狙いはあるといえる。,False,論文内では、システムを用いることによって得られる感情的な体験（例えば『より没入感のある体験』）に触れているが、どの感情を具体的にどのように引き出すかについては詳細な議論がなされていない。,より没入感のある体験を提供し,本論文は技術的なシステム構築やインタラクションの実現に重きを置いており、ユーザーに与えるべき具体的な感情（例：没入感など）を明示的に、かつ一義的に定義していないため、設計要件としての感情反応が不明瞭である。,,コンテンツユーザー,IPSJ-EC2024056.txt,EDAsとして明確にユーザーに与える感情反応がデザイン要件に定義されておらず、またその分析や議論も十分ではないため、EDAsとしては主要なテーマとはなっていない。,True
3,True,システムは、ユーザーが実際に体験する触覚刺激（銃が弾かれる感覚）を意図的に生み出すことを目的としており、具体的な物理的メカニズム（空気噴射の角度、タイミング等）を通じてユーザーの感情・身体感覚へ直接影響を与える設計となっている。,True,論文内では、どのような方法でユーザーに『銃が弾かれる感覚』、すなわち物理的刺激としての触覚体験を与えるか、またその仕組みや運用方法が記述されており、体験によって引き起こされる感覚に焦点をあてた設計意図が議論されている。,銃が弾かれる体験を可能とする;弾かれる感覚を提示する空気噴射部;銃が弾かれる感覚の提示,本稿は、VR決闘システムにおいて、敵の銃弾が当たった際に、銃型デバイスから空気を噴射することで“銃が弾かれる感覚”という触覚体験を与える仕組みを詳細に設計している。つまり、ユーザーが受ける触覚的な刺激（体感）が、システム設計の要件として明確に定義されている。,,プレイヤー（コンテンツのユーザー）,IPSJ-EC2024109.txt,システムの設計と解説の中心には、『弾かれる感覚を提示する』ことに重点が置かれており、ユーザーに与える触覚体験が明確に意図されているため、EDAとしての主題は比較的明瞭に示されている。ただし、感情反応としての計量的評価や詳細な心理的効果などは議論されていないため、主題としては明確だが技術的アプローチの記述が中心となっている。,True
4,True,操作性（移動速度の低下や進行方向へのノイズ付与）という仕組みを通してプレイヤに瀕死感を提示し、その結果、プレイヤの没入感に影響を与えようとする意図が明確に示されているため。,True,論文中では、アンケートやインタビューを用いて実際にプレイヤがどのような瀕死感を覚えたかを詳細に分析しており、どの程度の感情が誘発されるのかについて議論されている。,本研究では，キャラクタが死に近づいていく際にプレイヤが感じる感覚を「瀕死感」と定義する．;操作性の低下は，プレイヤの操作キャラクタに対する瀕死感の知覚に影響を与え，操作性が悪化するほど，瀕死感を強く感じる傾向にあると考察できる．,本研究では、操作キャラクタが死や戦闘不能に近づく際にプレイヤが感じる『瀕死感』を明確に定義し、ゲームデザインの要件として組み込んでいるため、対象となるプレイヤ自身の感情状態を変化させることを目的としている。,,プレイヤ,IPSJ-EC2024041.txt,『瀕死感』という感情体験が本研究の中心テーマであり、定義、提示手法、評価方法が具体的かつ直接的に記述されているため、EDAとしての記述が非常に明確である。,True
4,True,提案するインタラクションは、あくまで参加者の感情状態に直接影響を及ぼす（たとえば、プレッシャーを分散させる、安心感を与える）ことを目的としており、発話の促進など具体的な感情変化を狙っている。,True,論文内では、ロボットの動作が参加者にどのような反応（自発的な発話の促進、緊張感の低減など）をもたらすかが具体的に議論されており、狙う感情体験が明確に分析されている。,発言の少ない参加者にあたかも話を聞きたがるように近づく．これにより，緊張感を生じさせずに自発的な発言を促す;指名される人は発言の準備ができ，緊張感の少ない，ゆるやかなファシリテーションとなることを目指す,本稿では、ロボットが参加者に対して、『発言の少ない参加者にあたかも話を聞きたがるように近づき』、その結果として緊張感を与えず自発的な発言を促すという明確な狙いが示されている。つまり、デザイン要件としてユーザーの『緊張感の少なさ』と『発言に対する安心感』という感情が具体的に定義されている。,,会議参加者;発言の少ない参加者,IPSJ-EC2024093.txt,対象とする感情は、発言機会を促す際の『緊張感の少なさ』や『安心感』として具体化され、システムの設計・シナリオに反映されているため、EDAに関する記述は明確である。,True
4,True,システムは、ユーザの活動状況に合わせた激励文を生成することで、直接的にユーザの感情状態、すなわちモチベーションや継続意欲に影響を与えることを狙っているため。,True,論文内では、生成された激励文がユーザにどのような影響（たとえば『修正しよう！もう少しやってみよう！』という気持ちや、場合によっては過剰な賞賛による逆効果）があるかについて、評価実験と共に議論されているため。,ユーザの継続意欲を向上させる激励文の生成手法;モチベーションを高めることを目的としている,本研究は、生成された激励文によってユーザの継続意欲やモチベーションを向上させることを明確な設計要件として掲げ、ユーザの具体的な活動や努力に基づいたフィードバックを提供することを目的としているため。,,content user;ユーザ,IPSJ-EC2024086.txt,激励文生成システムによるユーザの継続意欲向上やモチベーション向上という感情変化の促進が、システム設計、評価、議論の全体で中心的なテーマとして明確に扱われており、EDAとしての目標ははっきりしている。,True
4,True,研究の目的自体が、視覚などの他の情報でコンテンツを阻害することなく、触覚提示によりユーザの心理状態（例：達成感、実感、躊躇い）を直接変化させることにあるため。,True,論文内では、各トリガーの抵抗や押す深さがユーザに与える影響について、実験結果やアンケートを通して詳細に議論され、具体的な感情反応（お金の重さ、投げ銭時の実感、達成感等）が分析されている。,投げ銭時の触覚によって達成感が生まれる可能性が示された．;お金を投げている感覚を提示する．;抵抗がある時お金（金額）を投げている感覚について聞いた結果,本研究では、投げ銭時のトリガーの抵抗制御を通じて、ユーザが「お金を投げている感覚」や「達成感」といった具体的な触覚・感情体験を得ることを狙っており、これらはあらかじめ明確に定義されている。,,コンテンツ利用者;視聴者,IPSJ-EC2024076.txt,論文は、触覚を介したユーザ体験向上の狙いを明確に記述し、具体的な実験設定と結果により、狙っている感情（EDA）がはっきりと示されている。,True
3,True,システム全体の設計・改善に、ユーザーの感情状態（ここでは主に没入感）の変化を狙った工夫が含まれており、ユーザー体験の向上を目的としているため。,True,論文中では、どのような提示方法によってユーザーに『没入感』という感情体験を与えられるか、具体的なシステム改善点や実験結果とともに議論されているため。,視聴者が空間への没入感を高く感じる視野角等の条件を探索する．;VR 体験の没入感を高めるため，一度表示された映像をその場に残すようにした．,本論文では、VR 空間上での視聴体験において『没入感』を高めるための提示方法（例：視点映像の表示位置の工夫や、大型モニターの利用）に焦点を当て、ユーザーが空間に深く入り込む感覚を得られるように設計されているため。,,視聴ユーザー,IPSJ-EC2024100.txt,本論文はユーザーが感じる『没入感』および体験共有に焦点を当て、この点について具体的な改善策・実験結果が示されるなど、EDAとして明確な設計意図があると判断できるが、感情状態の定義自体は単一の要素（没入感）に留まっているため。,True
1,False,システムは実際の演奏体験を改善することを目的としているものの、ユーザーの感情状態に直接働きかけるという意図が明確に設計要件として示されておらず、感情変化を生み出す仕組みとしても具体性に欠ける。,False,論文内では、生成される合いの手がどのような感情的効果（たとえば、興奮や安心感など）を意図しているかについての議論はなく、単に演奏体験の向上を狙う技術的なアプローチとして記述されている。,,本論文は、ジャムセッションにおける合いの手の自動生成という技術的課題を中心に扱い、より人間らしくインタラクティブな演奏体験の提供を目指しているが、具体的にどのような感情（例：喜び、没入感、安心感など）をユーザーに与えたいかについて、明確かつ一義的に定義してはいない。,,演奏者,IPSJ-EC2024073.txt,EDAsに関する議論が論文の主題でもなく、ユーザーの感情状態に直接影響を与える仕組みが設計要件として明示されていないため、EDAとしての要素は含まれていない。,False
2,True,オンラインツアーシステム自体が利用者の感情状態に直接働きかける設計となっており、現実の来園と同様の感情（興奮、臨場感、満足感など）を意図的に引き起こそうとしているため。,True,システムの運用結果やアンケート調査の中で、利用者が感じた『臨場感』や満足度についての記述があり、狙いとしての感情的効果に関する言及がなされているため。,臨場感あふれるジャングルバスオンラインツアーを提供できるシステムを実装した．;エサやりばさみにカメラを取り付け，動物がエサを食べる瞬間を至近距離で撮影し，視聴者に配信できる．,本論文では、ツアーシステムの設計要件として『臨場感あふれる』体験、つまり動物のエサやりの瞬間を間近で撮影することにより、視聴者に没入感やリアルな体験を感じさせる意図が明確に盛り込まれているため。,,視聴者,IPSJ-EC2024002.txt,『臨場感』の提供はシステム設計の重要な目的として何度も言及されるものの、感情そのものに特化した深い議論は限定的であり、技術的な側面が主となっているため、EDAは主要テーマの一要素と評価される。,True
3,True,コンテンツ自体がプレイヤの感情状態を直接変化させることを目的としており、多人数がリアルタイムに参加することで、プレイヤが直接体験および影響を受ける設計になっているため。,True,論文内では、プレイヤがどのような感情、例えば『適度な納得感』や没入感、意外性を体験することが狙いであるか、またその実現方法としてのマッピング手法について詳細に議論されている。,適度な納得感;没入感;意外性;満足感,本稿では、プレイヤが現実世界とデジタル世界をリンクさせる体験を通じて、『適度な納得感』、没入感、意外性、そして満足感といった具体的な感情体験を得ることを意図しており、これらの感情はゲームデザインそのものの要求として明確に組み込まれている。,,プレイヤ,IPSJ-EC2024013.txt,主要なゲームデザインにおいて、ユーザーの体験として具体的な感情（納得感、没入感、意外性、満足感）が重要な要素として扱われているため、EDAは本稿の主要テーマの一部として十分に明確に示されている。ただし、定義が他論文や既存のコンセプトに依拠している部分もある。,True
1,False,この内容は、主観的な印象に関するコミュニケーションとデータ収集を促進することを目的としており、ユーザーの感情状態を引き起こしたり変化させたりすることを意図していません。,False,この論文では、プレーヤーが擬音語を使って視覚的特徴をどのように説明し、主観的な印象を共有するかについて論じていますが、ユーザーに引き起こされるべき感情の反応の種類を分析したり議論したりしていません。,,この論文では、設計要件として明確に定義された感情の反応が特定されていません。焦点は、特定の感情状態を意図的に引き起こすことではなく、視覚的特徴の擬音語表現を集めるためのゲームの使用にあります。,,,IPSJ-EC2024038.txt,EDAは論文の主要な焦点ではなく、明確に定義されたものではありません。デザインの重点は、ユーザーの感情状態を直接変更するメカニズムではなく、視覚的/触覚的特性の注釈と共有した説明にあります。,False
4,True,ゲームデザイン自体が視聴者の感情状態（達成感、連帯感、共感・共有感）を直接変化させることを目的としており、そのためのシステム／仕組み（例：ステージ操作による全体の同調行為など）が実装されている。,True,論文中では、We‐mode の状態がどのような条件（目標の一致、個々の貢献のフェアネス、相互調整、同調行為）により生起するのかが詳細に議論され、その効果が実験的に検証されている。,視聴者全員が『私たち』として達成感や配信者とのつながりを得ることができるゲームの実現を目指す。;本研究では、視聴者に集合的な認知モードである “We-mode” を生起させることで、全員が一体となってゲームに影響を与えたと感じられる仕組みを採用している。,本研究では、ゲーム内で視聴者全員に『We‐mode』、すなわち『私たち』としての達成感や配信者とのつながりを得る感情状態を生み出すことが、明確なデザイン要件として設定されているため。,,視聴者,IPSJ-EC2024037.txt,対象となる感情状態（We‐mode、達成感、配信者とのつながり）が論文全体の主要テーマとして明確に設定され、具体的なデザインや実験結果により十分に検証されている。,True
4,True,研究は、アバタの外見（版権アバタと標準アバタ）の違いを利用して、利用者が体験する緊張や羞恥を意図的に軽減させる効果（プロテウス効果）を検証することにより、感情状態への直接的な影響を与えることを狙っているため。,True,論文内では、アンケート調査やダンスゲームのスコアという定性的・定量的指標を用い、どのような感情反応（緊張や羞恥）が引き起こされるかについて詳細に議論・評価されているため。,VRアバタを着用してダンスを踊る際の緊張や羞恥の影響を検証する;そのキャラクタになりきっている感覚がダンスを踊る際に感じる緊張や羞恥に及ぼす影響;アバタを着用することで緊張や羞恥が軽減されれば，ダンス中に緊張や羞恥を気にせずに授業に意欲的に取り組むことができる方法の1つとなりえる,本研究は、VR空間でのアバタ変身感を通じて、利用者がダンス中に感じる『緊張』や『羞恥』といった感情を直接変化させることを目的としており、これらの感情が設計上の主要な対象として明確に規定されているため。,,実験参加者（演者役）;VRコンテンツ利用者,IPSJ-EC2024024.txt,対象となる感情『緊張』や『羞恥』が研究の主要テーマとして、実験設計、評価手法および議論の中で明確に定義・検証されており、EDAとして扱われるため。,True
2,False,システムはインタラクティブなデジタルアート体験を創出することを意図していますが（たとえば、没入感のあるダイナミックな視覚フィードバックを提供することで）、それは暗黙的に行われています。ユーザー体験の向上を意図していますが、ユーザーの内部感情状態におけるターゲット変更が明示的に述べられていません。,False,論文では、システムがユーザーの動きに反応することによってより没入感のある体験を提供する意図があることが述べられていますが、期待される具体的な感情反応（興奮、達成感、解放感など）については詳しく議論されていません。,,システムはコンテンツユーザーによって使用されていますが、本論文では特定の感情や感覚の反応を設計要件として明確に定義していません。説明は目標とする感情結果よりも技術的実装とインタラクティブなビジュアルに重点を置いています。,,,IPSJ-EC2024056.txt,ユーザー体験に関する議論は表面的であり、主に技術的なものです。没入感についてのあいまいな言及しかなく、したがってEDAは明確な主要トピックとして確立されていません。,False
4,True,システムは意図的にユーザーの身体感覚、すなわち銃が撃たれた際に『弾かれる』という触覚を誘発することを目的としているため。,True,論文内では、体験のデザインや装置の動作（空気噴射による銃の弾かれる感覚提示）について詳細に記述され、どのような感覚がユーザーに与えられるかが議論されているため。,銃が弾かれる体験;銃が弾かれる感覚を提示する;空気を噴射することで，銃が弾かれる感覚を提示する,本システムは『銃が弾かれる感覚』という特定の触覚体験を、ユーザーが必ず経験することを目的として設計要件に明記しているため。,,コンテンツユーザー;プレイヤー,IPSJ-EC2024109.txt,EDAsは本研究の体験の核心部分として具体的に定義され、実装方法や感覚提示の仕組みとして明確に説明されているため、最も高いスコアと判断できる。,True
4,True,実験やインタビューを通じて、操作性の変化によりプレイヤの感覚—特に瀕死感とそれに伴う没入感—へ影響を及ぼすことを目的としている。,True,論文内で、『瀕死感』の定義やその提示手法、及びそれがプレイヤにどのような感覚をもたらすかについて、アンケートやインタビュー結果と共に詳細に議論されている。,キャラクタが死に近づいていく際にプレイヤが感じる感覚を『瀕死感』と定義する．;操作性の低下は，プレイヤの操作キャラクタに対する瀕死感の知覚に影響を与え，操作性が悪化するほど，瀕死感を強く感じる傾向にある,本研究では、ゲーム内で操作キャラクタが死に近づく際にプレイヤが感じる『瀕死感』を明確に定義し、その体験を意図的にデザイン要件として組み込んでいるため。,,プレイヤ,IPSJ-EC2024041.txt,『瀕死感』という対象感情が明確に定義され、システムの設計・評価の中心要素として扱われているため、EDAに関する記述は非常に明確かつ具体的。,True
4,True,ロボットの動作が、明示的な発話促進指示ではなく、あたかも『話を聞きたがっている』かのように振る舞うことで、意図的に参加者の心理状態（緊張感の低減・自発的発言）に影響を与えることを目的としている。,True,論文内では、ロボットの動作がいかにして参加者に『緊張感を感じさせず』に発言のきっかけを与えるか、その具体的なシナリオやインタラクション例を通して、どんな心理的反応を期待しているのかが議論されている。,緊張感を生じさせずに自発的な発言を促す;ゆるやかなファシリテーション,本稿では、参加者がリラックスした状態で自発的に発言できるよう、ロボットの動作により緊張感を与えずに発言を促すことを狙っている。これは、特定のユーザ（会議参加者）の心理状態に直接働きかける設計要求として明示されているためである。,,会議参加者,IPSJ-EC2024093.txt,発言促進と緊張感の緩和という感情状態が、本研究の設計目的において明確に示されており、感情に働きかけるメカニズムとしての意図も読み取れるため。,True
4,True,このコンテンツは、生成された、個別化された励ましを意図的に利用して、ユーザーの感情的な状態に影響を与え、継続的な学習や執筆などのタスクにおける動機付けを高めることを目指しています。,True,この論文は、期待される感情的反応について詳細に論じています。利用者がどのように理解されていると感じ、評価され、個別のフィードバックによって動機付けられるかを詳しく説明し、励ましに対するポジティブとネガティブな反応の両方を分析しています。,ユーザの継続意欲を向上させる激励文の生成システム;ユーザが自分の努力が理解され，評価されていると感じた;あなたの努力は確実に成果を上げていますよ．続けて頑張ってください！,"この論文のシステムは、ユーザーの継続的な動機付けとエンゲージメントを、個別化された励ましのメッセージを通じて高めることを明示的に目的としています。設計要件は、オプションまたは行動依存の体験を提供するのではなく、ユーザーの気持ちの状態（継続意欲, モチベーション）をターゲットにすることを明確に指定しています。",,content user,IPSJ-EC2024086.txt,感情的なターゲット（例えば、動機付けの向上と励まし）は、システムの中心的な設計要素であり、論文内で明確に述べられ評価されています。これにより、EDAの使用が明確な主要なテーマとなっています。,True
4,True,コンテンツは、ユーザー自身の感情状態に影響を与えるために、お金の価値に基づいて触覚フィードバックを意図的に変更します。物理的な相互作用（トリガー抵抗の変化）は、ライブストリーミング取引中に特定の感情を呼び起こすための意図的なメカニズムとなっています。,True,論文では、期待される感情反応について、定量的測定と参加者のフィードバックを通じて議論し評価しています。お金の重さを感じ投げている実感、達成感、さらには躊躇いといった否定的な感情を分析し、デザインがユーザーの感情状態を調節することを目指していることを示しています。,投げ銭時の触覚によって達成感が生まれる可能性が示された．;お金を投げている感覚を提示する．;お金の重さを感じ投げている実感,論文は、設計要件において、触覚フィードバック（コントロールされたトリガー抵抗と押下深度）によって、特定の感覚である「お金を投げている感覚」と、その関連感情である達成感や躊躇いを呼び起こすべきであると明記しています。これらの感情反応は、実験設計に明確に統合されています。,,コンテンツユーザー,IPSJ-EC2024076.txt,トリガー抵抗を修正して具体的なユーザー体験を引き起こすことに焦点を当てた論文は、意図された感情反応をデザインの中心的で明確に定義された部分としています。実験の設定とフィードバックがこの強調点を明確に示しています。,True
3,True,システムの機能改善（例：遠距離に設置した超大型モニターでの主観映像表示、映像の残像効果など）を通じて、ユーザーの感じる臨場感・没入感を向上させることを狙っており、感情状態への影響が狙いである。,True,論文内で、どのような視聴体験（例：空間への没入感、リアルタイムな身体動作によるコミュニケーション）が得られるかについて、システム改善のたたき台として詳細に議論されているため。,視聴者が空間への没入感を高く感じる提示方法についても模索する．;VR 体験の没入感を高めるため，一度表示された映像をその場に残すようにした．,本論文では、VR体験共有システムの設計段階で視聴者が空間への没入感を高く感じることを明確な目標としており、意図的に感情状態（没入感など）を変化させることを狙っているため。,,視聴ユーザー;配信ユーザー,IPSJ-EC2024100.txt,EDAsとして狙う感情（主に没入感）がデザイン要件やシステム改良の目的として明示されているが、感情の詳細な定義や幅広い感情状態のリストアップはなく、主題の中で副次的に取り扱われている印象。,True
1,False,システムは即興演奏の中で合いの手を生成し、演奏者との対話や自然な演奏体験を提供しようとしているが、これはユーザーの感情状態に直接影響を与えるという意図が明示されているわけではない。,False,論文中では、生成モデルの技術的側面（メロディ生成、リアルタイム性、リズムの自然さなど）が詳細に論じられているが、ユーザーにどのような感情的反応を引き起こすか、またはどのような内面的体験を狙っているかについての議論は見られない。,,本論文は、合いの手を自動生成するシステムにより、演奏体験をより人間らしくインタラクティブなものにすることを目指しているが、具体的な感情（例：喜び、興奮、安心感など）の指定はなく、感情状態の変化が明確に設計要求として定義されていない。,,ミュージシャン,IPSJ-EC2024073.txt,EDAsとして直接ユーザーの感情状態に介入するための明確な設計要求や意図が記述されておらず、感情体験に関する具体的な記述も存在しないため、EDAの主題としては扱われていない。,False
3,True,提案システムは、視聴者の感情状態（興奮や実際に現地にいるような臨場感）に直接影響を与えることを目的として設計されており、システムの仕様がその狙いを反映している。,True,論文中では、システムを使った結果として得られる『臨場感』や『没入感』が、実際の運用・アンケート結果を通して議論されており、どのような感情反応が期待されるかについても触れられている。,臨場感あふれるジャングルバスオンラインツアー;動物がエサを食べる瞬間を至近距離で撮影し，視聴者に配信できる,システムの設計では『臨場感あふれるジャングルバスオンラインツアー』の実現を目指し、動物がエサを食べる瞬間を至近距離で撮影するなど、ユーザが現場にいるかのような没入感を得られる体験を提供することを明示しているため。,,オンラインツアー視聴者;ツアー参加者,IPSJ-EC2024002.txt,主要な技術的改善やシステム設計が中心ではあるが、視聴者に提供する『臨場感』という感情体験が設計要件として明記され、実運用のフィードバックも示されているため、感情面の狙いは把握できるが、主題としては技術設計が前面に出ているためスコアは3とする。,True
4,True,ゲーム体験全体を通じ、現実世界とデジタル世界の連携によってユーザの内面的な感情（例えば、深い没入感や納得感）に働きかけることを狙っているため。,True,論文中では、どのような感情体験がユーザに喚起されるか、例えば『没入感』、『イリュージョン感覚』、『適度な納得感』、『意外性』、『満足感』など、具体的な言葉で示され、分析されている。,プレイヤの没入感やイリュージョン感覚を高める;適度な納得感;深い没入感と満足感,本稿では、ユーザ（プレイヤ）が得るべき感情体験として、没入感、イリュージョン感覚、適度な納得感、意外性、そして満足感などが具体的に言及されており、これらはコンテンツの設計要件として明確に定義されている。,,プレイヤ,IPSJ-EC2024013.txt,感情体験（EDA）の要素が論文内で複数回登場し、これに基づくシステム設計やデモンストレーションの意図も明確に説明されているため、EDAは明確な主要トピックと言える。,True
1,False,このコンテンツは、ユーザー自身の感情状態を意図的に誘発または変更することではなく、主観的な印象（例：触覚、視覚的テクスチャの知覚）をコミュニケーションし、共有することを促進するように設計されています。,False,この論文では、擬音表現の変動性と多様性、そしてそれらが感覚的観察とどのように関連しているかについて論じていますが、ユーザーに誘発されるべき感情的反応や感情状態の分析は提示されていません。,,この論文では、プレイヤーから特定の内部的感情状態を引き出すことの明示的な指定や要求はありません。代わりに、特定の感情を定義したり、変えようとすることなく、感覚的または知覚的印象を表す擬音表現を収集するためのゲームメカニズムに焦点を当てています。,,,IPSJ-EC2024038.txt,特定のユーザーの感情を引き起こすまたは変更するための明示的な努力はデザインや議論の中になく、データ収集と主観的な感覚印象の共有に焦点が当てられています。これにより、定義されたEDAsの存在は適用不可能です。,False
4,True,このゲームは、視聴者の感情体験に意図的に影響を与えるように設計されており、協調された入力（例：同期したステージ回転、隕石ギミック中の集団意思決定）を調整することで、共同のエージェンシーと統一感を喚起することを目的としています。,True,この論文は、これらの感情的目標をデザインの一部として設定するだけでなく、実験やアンケートを通じてその結果としての「共同主体性」を議論し評価しており、意図された感情反応を分析しています。,視聴者全員が『私たち』として達成感や配信者とのつながりを得ることができる;参加者全員がゲームに影響を与えたと感じることができる,論文は、視聴者が「私たち」としての達成感とつながりを感じるという望ましい感情状態—すなわち、We-mode—を明示的に定義しており、これはゲームの明確なデザイン要件です。,,content user (視聴者),IPSJ-EC2024037.txt,論文は、目標とする感情反応（例：‘私たち’としての達成感、配信者とのつながり、共同制御感）を明確に指定し測定しており、そのためEDAsの役割を明示かつあいまいではなくしています。,True
4,True,実験全体がユーザの感情状態（緊張や羞恥）に直接影響を及ぼすことを意図しており、アバタの種類や環境設定を通してそれらの感情の軽減を試みる設計になっているため。,True,論文では実験手順、アンケート項目、及びスコア評価を通して、ユーザがどの程度緊張や羞恥を感じるか、その変化を具体的かつ詳細に議論しており、効果の測定とその意図が明確に述べられている。,「VRアバタを着用してダンスを踊る際の緊張や羞恥の影響の検証」;「人前で踊ることで緊張や羞恥が発生すると考える」,本研究ではVR空間におけるアバタ着用によって、ダンス中に具体的に『緊張』と『羞恥』という感情が変化するかを検証するため、これらの感情が明確に設計要件として定義され評価軸として位置づけられている。,,content user,IPSJ-EC2024024.txt,本研究は『緊張』と『羞恥』という特定の感情状態に焦点を当て、これを明確な設計要件・評価指標として実験全体に組み込んでいるため、EDAとしての対象が非常に明瞭である。,True
1,False,このシステムは没入型でインタラクティブなアート体験を提供することを目的としていますが、ユーザーの感情状態の具体的な変化を意図的にデザインしているわけではありません。,False,この論文では、予想される感情的反応や、プロジェクションされたアニメーションがインタラクション中にユーザーの感情にどのように影響を与えるかについて詳細に議論されていません。,,この論文は、特定の予め定められた感情的反応を設計要件として明示的に定義していません。主にプロジェクションマッピングシステムの技術開発に焦点を当てており、ユーザーの感情を明確に特定することには触れていません。,,,IPSJ-EC2024056.txt,内容は主に技術的実装とシステム性能に関するもので、設計の不可欠な部分としてのEDAに関する明確な焦点や議論はありません。,False
4,True,コンテンツは意図的にメカニズム（例えば、銃デバイスからの空気放出）を取り入れ、決闘中にユーザーの触覚的感覚状態に意図的に影響を与えます。,True,この論文では、システムによって引き起こされる期待される感覚（すなわち、銃の弾かれ）と、この体験を達成するために設計されたメカニズム（弾丸の衝撃方向に基づく空気注入）について詳細に論じています。,敵の放った銃弾が自身の銃に当たると，その角度に応じて銃型デバイスの先端で空気が噴射され，銃が弾かれる感覚を提示する．;銃が弾かれる感覚を提示するためのエアチューブ，サーボモータをもつ空気噴射部,この論文は、システムが特定の感情反応、すなわち弾丸に当たったときに銃が弾かれる感覚を引き起こすように設計されていることを明確に示しています。これはVR決闘システムの明示的な設計要件です。,,content user,IPSJ-EC2024109.txt,EDAは単なるシステム設計の要素ではなく、論文の中心テーマでもあり、VRシステムが被弾したときの特定の感覚を引き起こすことを意図していることを明確に説明しています。したがって、ターゲットとされた感情反応の明確さは高いです。,True
4,True,実験条件においてキャラクタの体力に応じた操作性の変更が、プレイヤの没入感や瀕死感といった感情体験に直接影響を与えることを狙い、プレイヤの感情状態に介入することを意図している。,True,論文は、操作性を通じて瀕死感がどのようにプレイヤの没入感に影響を与えるかについて、アンケートとインタビューを用いて具体的に検証し、得られた感情的反応について詳細に議論している。,キャラクタが死に近づいていく際にプレイヤが感じる感覚を『瀕死感』と定義する．;操作性の低下は，プレイヤの操作キャラクタに対する瀕死感の知覚に影響を与え，操作性が悪化するほど，瀕死感を強く感じる傾向にある．,本研究では、キャラクタが死に近づく際にプレイヤが感じる感覚を『瀕死感』として明確に定義し、操作性の変化を通してその感覚を提示することを狙っているため、デザイン上、ユーザーの感情状態を直接変化させることを目的としている。,,content user (プレイヤ),IPSJ-EC2024041.txt,'瀕死感'という感情体験が、デザイン要件として明示され実験でその感情の変化を評価しているため、EDAが主要なテーマとして明確に扱われている。,True
4,True,システムの設計は、ロボットの接近や退避などの動作を通じて参加者の感情状態（安心感や発言しやすさ）に直接働きかけることを目的としており、意図的にユーザの心情を変化させようとしている。,True,本文中では、伝統的な指名方式が生む緊張感を回避するため、ロボットによる”聞いてくれる”という動作を通して自発的な発言を誘発する点が議論され、どのような感情（例：緊張の低減、安心感の向上）が期待されるかを検討している。,発言の少ない参加者に対しては，発言を促すことが求められる．;指名によるプレッシャーを回避し，緊張感を生じさせずに自発的な発言を促す．;ロボットがあたかも話を聞きたがっているように近づく,本論文では、ファシリテーションにおいて参加者の緊張感や心理的負担を低減させ、発言の自発性を促すという感情状態を明確な設計要求として位置づけているため。,,会議参加者,IPSJ-EC2024093.txt,感情に関する狙い（緊張感の低減と自発的発言の促進）は、論文全体を通して明確に示され、設計の中心的なテーマの一部として扱われているため、比較的明確なEDAの対象といえる。,True
4,True,システム自体が、学習や運動などの単調な活動に対し、ユーザへ直接的な感情的支援（激励）を提供することを目的として設計されているため。,True,論文内では、生成された激励文がユーザにどのような感情（例えば、『自分の努力が理解され評価されている』という肯定的な反応や、モチベーション向上）を喚起するかについて議論・評価しているため。,ユーザの継続意欲を向上させる激励文の生成;モチベーションを高める;ユーザが自分の努力が理解され，評価されていると感じた;日々の執筆の継続を向上させる,本稿は、ユーザ個人の努力や成果に応じたパーソナライズされた激励文を生成することで、ユーザの継続意欲（モチベーション）を向上させることを明確なデザイン要求としているため。,,ユーザ,IPSJ-EC2024086.txt,激励によるモチベーション向上が本稿の中核テーマとして明示され、ユーザの感情変化に着目してシステム設計と定性評価が行われているため、EDAの存在が非常に明瞭。,True
4,True,提案手法は、トリガーの押下深さと抵抗の変化を利用して、投げ銭時の触覚フィードバックを強化することで、ユーザの感情体験（例：重さや達成感）に直接働きかけ、感情状態を変化させることを目的としている。,True,実験結果やアンケート調査により、『お金の重さを感じる実感』や『達成感』、場合によっては『躊躇い』といった具体的な感情反応について言及され、コンテンツ使用時に発生する感情体験が詳細に論じられている。,投げ銭時の触覚によって達成感が生まれる可能性が示された．;ユーザ各々にコンテンツを阻害せず，お金を投げている感覚を提示する．;お金の重さを感じ投げている実感があって楽し い,本研究では、投げ銭時にユーザが実際にお金を投げているという感覚や、押下時の抵抗変化により達成感や存在感を得る体験を意図的に設計要件として盛り込んでおり、その感情体験が明確に定義されている。,,コンテンツ利用者,IPSJ-EC2024076.txt,EDAsが本論文の主要な設計軸として明確に打ち出され、実験および評価の対象として具体的に扱われているため、感情体験に対する意図とその効果が明確に示されている。,True
2,True,システムの提案段階で、ユーザー（視聴者）の体験感、特に『没入感』に注目し、その向上を狙った映像提示の仕組みやカメラ設定を明示しているため。,True,論文内では、実験結果や提案システムの各構成要素を通して、ユーザーが感じる没入感や視覚体験の質について記述・議論しているため。,視聴者が空間への没入感を高く感じる提示方法についても模索する．;VR 体験の没入感を高めるため，一度表示された映像をその場に残すようにした．,本論文では、ソーシャルVR空間上での体験共有システムの設計において、視聴者が空間への没入感を高く感じることを狙いとしており、体験の見せ方や映像提示方法によりユーザーの感覚（没入感）を意図的に変化させようとしているため。,,視聴ユーザー,IPSJ-EC2024100.txt,EDAs（ここでは主に没入感を含む感情的体験）の設定や検証は、論文の主要技術・システム設計の1要素として扱われるが、感情状態そのものの定義は明確に詳細化されていないため、EDAsが議論されるものの主題としての明瞭さにはやや欠ける。,True
2,False,システムはライブパフォーマンスのインタラクティビティと自然さを向上させることを目指していますが（例えば、より人間らしく魅力的な体験を創出するために適切な'合いの手'を生成すること）、ユーザーに誘発される具体的な感情状態を明確に区別していません。,False,この論文はリズムや音楽の自然さなどの評価基準について議論していますが、コンテンツがユーザーに引き起こすことが期待される特定の感情反応を明示的に分析したり表現したりしていません。,,この論文は、設計要件の一部として具体的なユーザーの感情や感情状態を明示的に定義していません。対象となる感情反応を明確に示さず、インタラクティブなパフォーマンス体験の向上に焦点を当てています。,,,IPSJ-EC2024073.txt,この論文は、インタラクティブで自然な方法でパフォーマンス体験を向上させる意図を示唆していますが、対象となるユーザーの感情反応を明示的または明確にしていないため、全体的なEDAの根拠が明確で中心的なテーマではありません。,True
4,True,システムは、動物のエサやりシーンを至近距離で撮影・配信するなど、視聴者の感情状態（例：臨場感や興奮）を意図的に変化させるように設計されている。,True,本文中では、実運用時の視聴者の反応や、オンラインツアーの満足度、さらに具体的なエサやりシーンの近接撮影による感情的インパクトについて記述しており、どのような感情反応が期待されるかを議論している。,これにより，臨場感あふれるジャングルバスオンラインツアーを提供できるシステムを実装した．;画面上とはいえ今までに無い程間近に生き物を見ることができたこと。,論文では『臨場感あふれるジャングルバスオンラインツアー』の実現を設計目標の１つとして掲げており、ユーザに現地感や没入感を直接与えることを狙っているため、システム利用時の感情的反応を明確にターゲットとしている。,,視聴者（オンラインツアー参加者）,IPSJ-EC2024002.txt,感情体験としての『臨場感』がシステム設計の主要な狙いとして明確に示され、実運用によるフィードバックも存在するため主要テーマと言える。ただし、詳細な心理的定義が十分に議論されているわけではないため、やや抽象的な部分もある。,True
3,True,本コンテンツは、デジタルと現実の融合を通じて、プレイヤの感情状態（没入感、納得感、意外性、満足感など）に直接働きかけることを狙っており、意図的にユーザの感じる体験を変化させる設計になっている。,True,論文内で、具体的な用語（『没入感』『イリュージョン感覚』『適度な納得感』『意外な展開』『満足感』）を用いて、どのような感情反応を引き起こすかについて議論しているため、EDAsの存在が示されている。,没入感やイリュージョン感覚を高めることができる;プレイヤの意図や工夫が反映される「納得感」;時には「意外な展開」を生じさせる;より深い没入感と満足感を得ることができる,論文では、現実世界とデジタル世界のリンクを通じて、プレイヤに『没入感』や『納得感』、さらには『意外な展開』など具体的な感情の変化を引き起こすことが明示されており、こうした感情体験はコンテンツのデザイン要件の一部として設定されている。,,プレイヤ,IPSJ-EC2024013.txt,感情体験を引き起こす設計要素（EDAs）が複数明示され、主要な設計指針の一つとして扱われているが、詳細な数値化や厳密な定義はされておらず、全体としては主要テーマの一側面として明確に提示されている。,True
1,False,コンテンツはプレイヤー間の認識共有や主観的な印象のデータ収集を目的としており、ユーザーの内面的な感情状態（例：達成感、解放感など）の誘発を明示的に目指しているとは解釈しにくい。,False,論文内ではオノマトペを用いて視覚的特徴や触感・音の印象の表現・共有方法について議論しているが、ユーザーの感情変化に焦点を合わせた説明や、ゲーミフィケーションの中で特定の感情応答を直接誘発する仕組みについては論じられていない。,,本稿は、視覚情報とオノマトペによる感性の共有や印象の記述を目的としているが、ユーザーの感情状態そのものの変化を明確な設計要求として定義しているわけではなく、どのような感情を直接狙うかという仕様は示されていない。,,,IPSJ-EC2024038.txt,EDAs（ユーザーの感情状態に直接訴える仕組み）を明文化した設計要求や、狙いとしての感情変化についての記述が存在しないため、EDAsは本稿の主要なテーマとはなっていない。,False
4,True,TaleShaperは、ユーザーが複数の感情パラメータ（例：幸福度、好意、不安、怒り）をエンベロープを介して直接操作できるように設計されています。この操作はストーリー生成プロセスを変更し、インタラクション中にユーザーの感情体験に意図的に影響を与え、形作ることを目的としています。,True,この論文では、エンベロープ値（感情状態を表す）がどのように生成され、操作され、後に物語を再構築するのに使用されるかについて詳しく説明しています。これらのメカニズムを通じて引き起こされる期待される感情反応を明確にする例（例えば、英雄と対抗者の幸福度の変動や、ロマンティックな興味の段階的変化）を提供しています。,エンベロープは鑑賞者及び登場人物の心の動きを表している．;例えば，自信，他者への好意，不安，怒り，期待などが挙げられる．,システムは、キャラクターおよび鑑賞者の内面的な感情状態（心の動き）を表すエンベロープを明示的に組み込んでいます。鑑賞者を指定されたターゲットとして含めることで、コンテンツのデザイン要件がユーザー（コンテンツユーザー）の感情状態を影響を受けるように明確に指定しています。,,鑑賞者,IPSJ-EC2024030.txt,エンベロープを介した感情状態の操作は、システムの中心的で明確に議論された要素です。デザインは特定の感情反応を引き起こすことを意図したパラメータとプロセスを明確に指定しており、EDAはこの論文の明確な主要なトピックとなっています。,True
2,False,視点によって料理の外観が変化する仕組みにより、食事者が自身の見方を変えることで新たな視覚体験や驚きといった感情変化を得ることを意図している。この点から、ユーザの感情状態に働きかけることを狙っている。,False,論文内ではシステムの設計や試作、シミュレーション結果および応用例を詳細に述べているが、具体的にどのような感情（例えば、喜び、驚嘆、興奮など）を引き起こすかについては、定義や議論が十分ではなく、あくまで見た目や体験の変化として記述されている。,,本論文は可食レンチキュラレンズを用いた料理の視覚効果やインタラクティブな食体験を提案しているが、具体的な『感情』（例：驚き、喜びなど）の状態が設計要求として明示的かつ一義的に定義されていないため、この点で明確な感情ターゲットは設定されていない。,,食事者,IPSJ-EC2024003.txt,EDAsとしての『感情反応』が設計の中心テーマではなく、技術的な実現手法や視覚効果・体験変化が主題となっているため、感情に関しては曖昧で副次的な位置づけとなっている。,True
3,True,疑似触覚の各効果―たとえばターゲットに接触した際の色変化や指先形状の変化―を意図的に導入することで、ユーザの触覚（錯触覚）の知覚や操作時の体験的側面に影響を与え、操作性や没入感の向上を目指している。,False,実験やカスタムアンケートの結果として、‘ターゲットに触れているような感覚’や‘心地よさ’、または‘錯触覚’等の主観評価項目が用いられ、各疑似触覚条件がユーザの体感にどう影響するかを詳細に議論しているため。,ターゲットに触れているような感覚;心地よさ;錯触覚,本論文は疑似触覚フィードバックの各手法が提示する視覚的変化（例：指先形状の変化，ターゲットの色変化，押し込み変化）によってユーザに触覚的な錯覚をもたらすことを狙いとしているが、その『感じる状態』として具体的にどの感情や内面的体験を狙うか、あらかじめ明確かつ一義的に設計要求として定義された記述は見受けられない。,,コンテンツユーザ,IPSJ-EC2024006.txt,疑似触覚フィードバックがユーザの体感に及ぼす影響は実験手法として中心に扱われ、評価項目としても複数提示されている。ただし、開発者側がデザイン要求として特定の感情状態を明示的に定めたとは言い難いため、EDAそのものは本研究の主要議論の一部であるが明示性にはやや欠ける。,True
1,False,"The aim is to provide tools for more accurately conveying the user's emotions, and there is no clear intention or mechanism indicated to directly cause changes in the user's internal emotional state.",False,"The experiments and discussions focus on the operability, load, and error rate of each input method, and do not discuss the direct impact on the user's emotional state regarding what specific emotions may be evoked during use.",,"This paper focuses on detailed emotional expression through the customization of emoji parts, but it does not explicitly define emotional responses aimed at directly changing the user's internal emotional state as design requirements. Instead, it focuses primarily on input methods to enrich emoji representations.",,,IPSJ-EC2024005.txt,"This paper emphasizes input methods and their evaluation for emoji customization, and does not treat direct effects on the user's emotional state (EDA) as clear design requirements, thus EDA itself is not the main subject.",False
3,True,システムは、エンベロープの操作によってストーリーの展開やドラマ性を変化させ、鑑賞者の感情体験を直接的に影響させることを目的としているため、ユーザに対して意図的に感情変化を誘導する仕組みを提案している。,True,論文内では、エンベロープの各パラメータ（主体、心情、尺度）の設定や、その値の変動がストーリーのドラマ性やキャラクター間の関係性にどのように寄与するかが詳細に議論され、どのような感情体験（例：勝利時の幸福感や対立時の緊張感など）が想定されるかが分析されている。,鑑賞者及び登場人物の心の動きを表す複数のエンベロープ;各エンベロープは、…例えば，自信，他者への好意，不安，怒り，期待などが挙げられる;幸福度を表すエンベロープ,本稿では、ストーリー創作の過程で、鑑賞者や登場人物の心の動きを数値化・操作するエンベロープを用いる。各エンベロープは、例えば「幸福度」や「好意」といった感情的属性を明確な尺度（例：嫌い―好き）で定義しており、これはユーザ（ここではストーリーの受け手である鑑賞者）が体験する感情をデザイン要件として明示している。,,鑑賞者,IPSJ-EC2024030.txt,エンベロープを用いて具体的な心情パラメータ（幸福度、好意など）を定義し、それに基づくストーリーの生成・書き換えという仕組みが詳細に述べられており、対象とする感情体験が比較的明確に示されている。ただし、本システムが直接ユーザ自身の感情状態を変化させるための仕組みなのか、あくまでストーリー内の要素として設計されている点には若干の曖昧さがある。,True
2,False,シェフや食事者が料理を鑑賞する際に、視点によって外観が変化することで体験が変化するという意図があり、これによって感情状態（好奇心や楽しさなど）に働きかけようとしている。,False,論文では、視点による画像変化やデザインシステムの効果を詳細に説明しているものの、ユーザにどのような感情反応を具体的にもたらすかという点まで踏み込んだ議論は行われていない。,視点によって，ゼリーの見た目は凱風快晴，神奈川沖浪裏，牛乳を注ぐ女，モナ・リザへと変化する．;食事者が視点を動かし，視覚表現を楽しむことで食事そのものをインタラクティブな体験へと変化させることができる．,本論文は可食レンチキュラレンズを用いて、視点移動による絵柄の変化を通してユーザに新たな食体験を提供するシステムを提案しているが、ユーザの具体的な感情（例えば驚きや喜びなど）を明示的に定義しているわけではなく、視覚的な変化やインタラクティブな体験の可能性として示されている。,,シェフ;食事者;コンテンツユーザ,IPSJ-EC2024003.txt,EDAs自体は作品の魅力として触れられているが、ユーザが感じるべき具体的な感情状態について明確に定義されておらず、感情への直接的な作用がデザイン要件として確立されているとは言い難いため。,True
3,True,コンテンツは意図的に擬似触覚メカニズムを導入してユーザーの知覚体験を変化させる（例えば、ターゲット選択中のタッチをシミュレートする視覚フィードバックを通じて）ため、ユーザーの主観的状態に影響を与えることを目的とした介入です。,False,この論文は詳細な主観的評価（例：'ターゲットに触れているような感覚があった' や 'ターゲットを選択したときの心地よさ' のようなアンケート項目を通じて）を提示し、異なる擬似触覚条件がユーザーの報告した感覚をどのように変化させるかについて議論しています。この意味で、システムによって引き起こされる感情反応の種類を分析しています。,ターゲットに触れているような感覚があった;ターゲットを選択したときの心地よさ,システムは擬似触覚フィードバック（例：指の形状の変化、ターゲットの色および深さの変化）を実装しており、後で主観的に評価されますが、論文は設計要件において特定の内部感情状態（意図された感情体験など）が明確に規定されているとは述べていません。代わりに、設計は機能的パフォーマンス（例：タスクのスピード、エラー率）とシミュレートされた触覚体験の質に焦点を当てています。,,コンテンツユーザー,IPSJ-EC2024006.txt,研究は中心的に擬似触覚を使用し、関連する主観的反応を測定していますが、設計要件においてこれを明示的にターゲットとされた感情や感覚状態として定義していません。明確に規定された感情よりも、パフォーマンスと機能的側面に焦点が当てられています。,True
1,False,提案システムは、ユーザが自身の感情を表現するための手段（例えば涙の量やハートの数の変更）を提供するが、そのシステム自体がユーザの内面的な感情状態を意図的に変化させることを目的としていない。,False,論文は主に各入力手法の操作性、入力時間、エラー率、及び学習コスト等を評価しており、利用時にユーザがどのような内面的な感情状態を経験するかについての議論は展開されていない。,,本文では、絵文字のカスタマイズを通してメッセージに込める感情表現を伝達することに焦点が当たっており、利用者本人の内面的な感情状態を直接操作・変化させると明示されていないため、この条件は満たしていない。,,,IPSJ-EC2024005.txt,感情表現に関する記述はあるものの、これはメッセージのニュアンスを伝えるための手段であり、ユーザ自身の感情状態を直接操作・変化させる仕組み（EDA）として明確に定義され、設計要求に組み込まれているとは言えない。,False
1,False,TaleShaperの目的は、ユーザーがキャラクターの感情的軌跡を表すエレメントを操作することによって叙述の創造を支援することです。システムがユーザー自身の感情状態に意図的に影響を与えるように設計されている証拠はありません。これはEDAに必要な条件です。,False,この論文は、エンベロープ操作が叙述にどのように影響を与えるか（例えば、劇的な転換やキャラクターの感情の変化を導入する）について論じていますが、システムが最終ユーザーに喚起しようとしている特定の感情反応を説明または分析していません。,,このシステムは、キャラクターや「鑑賞者」のための幸福感、好意、感情の不安などのエンベロープを通じて様々な感情的ダイナミクスを表現していますが、これらは明確に定義された、開発者が指定したユーザーの感情反応としてではなく、叙述を構造化し編集するためのパラメーターとして扱われています。言い換えれば、物語のキャラクターや叙述参加者の意図された内部感情状態は管理されていますが、実際のコンテンツユーザーに特定の感情を誘発するよう明示的に指定されているわけではありません。,,,IPSJ-EC2024030.txt,議論は、ユーザー自身の感情状態を直接変更するために使われるEDAs（すなわち、ユーザーの感情状態を直接変更することを目的とするメカニズム）がシステム設計において明確な役割を持たないため、エンベロープを使用してナarrativeとキャラクターの感情を表現し制御することに集中しています。,False
1,False,視点によって画像が変化することで、食事中の視覚的体験に変化を与え、利用者の体験を変化させようとする意図は存在するが、直接的にユーザの感情状態に働きかけるという観点での記述や設計意図が明示されていない。,False,論文内では、レンズアレイによる視覚効果やシミュレーション、作製結果、アプリケーション例などが詳細に議論されているが、どのような感情反応を狙っているか、またその反応をどう評価するかという点については直接的な言及がない。,,本論文では、可食レンチキュラレンズを用いた視覚変化やインタラクティブな食体験の可能性が示されているものの、ユーザにどのような具体的な感情（例：驚き、喜び、好奇心など）を抱かせるかについて、設計要求として明確かつ一義的に定義されていない。,,content user (食事者);シェフ,IPSJ-EC2024003.txt,本稿の主眼は技術的な手法とシステムの実装、及び可食光学素子としての新たな食体験の提案にあり、ユーザの感情状態に対する明確な設計要求や分析が示されていないため、EDAそのものは主要なトピックとはなっていない。,False
2,True,コンテンツは、ユーザーの触覚認識に影響を与えるために、意図的に擬似触覚フィードバック技術を使用しています。研究の実験デザインとカスタムアンケート（例： 'ターゲットに触れているような感覚' や '心地よさ' を評価する）では、コンテンツがユーザーの主観的な感情状態を変えることを意図していることが示されています。,False,論文は、パフォーマンス指標と主観的評価を通じて引き起こされた擬似触覚感覚について議論し評価しており、視覚フィードバックの操作がユーザーの触覚および空間認識に与える影響を明確に分析しています。,ターゲットに触れているような感覚があった;ターゲットを選択したときの心地よさ,論文は、特定の触覚に似た感覚を引き起こす擬似触覚メカニズム（例：指先の変形、色の変化、奥行き効果）を実装していますが、デザイン要件として明示的に定義された感じの反応は明記されておらず、期待される触覚認識は開発者によって意図された感情状態として明確に区別されていません。,,コンテンツユーザー,IPSJ-EC2024006.txt,論文は、主観的な測定を含む擬似触覚効果について詳細に調査していますが、意図した感じの反応（例えば正確な触覚の幻想や快適さのレベル）が最初からデザイン要件として明示的に定義されていないため、ターゲットEDAsに関する明確さは限られています。,True
4,True,この論文の目的は、絵文字の部分を即座にカスタマイズできるようにすることで、ユーザーの感情状態に影響を与えることです。これにより、ユーザーは自分のメッセージにおいて微細な感情のニュアンスをより良く伝えることができます。コンテンツは、こうしたインターフェースの調整を通じて、ユーザーの感情表現に直接影響を与えることを目指しています。,True,この論文は、実験分析とユーザーインターフェースの設計の両方において、さまざまな入力方法が知覚される感情のニュアンスや感情表現の制御にどのように影響するかを議論しています。ユーザーの印象、エラー率、異なる感情の強度に対応するジェスチャーを通じた感情表現のダイナミクスを分析しています。,感情表現を反映した;涙の量やハートの数などの付属パーツ;感情の強弱に応じて制御可能にする;感情のニュアンス（印象・強度）を変化させる,この論文では、システムはテキストコミュニケーション中に微妙な感情表現を伝達し調整するために、絵文字の特定の部分（例：涙、ハート、汗）を修正するように設計されています。これは明確に、設計要件が対象の感情的反応を定義していることを示しています（たとえば、悲しみを強調するために涙の量を調整すること）。,,コンテンツユーザー,IPSJ-EC2024005.txt,この論文は、絵文字の部分カスタマイズと意図された感情表現との関係を明示的に詳細に説明しています。感情の強度の調整に関する設計要件と実験評価を明確に表現しており、対象となる感情反応が明確な主題となっています。,True
1,False,システムはエンベロープ操作により物語の展開や登場人物たちの感情の流れ（例：幸福度、好意、不安など）を制御することを示しているが、ユーザー自身の感情状態を直接変化させることを意図した仕組みとして明確に示されていない。,False,論文中ではエンベロープの変化やその操作がストーリーのドラマ性やキャラクター間の関係性にどのような影響を与えるかが考察されているが、ユーザーが体験する内面的な感情変化（直接的なユーザの感情応答）の具体的な誘発を議論しているわけではない。,,本稿ではエンベロープを用いて鑑賞者および登場人物の『心の動き』を数値化・操作しているが、これは主に物語の構造や登場人物間のドラマを表現するための手段であり、感情変化そのものをユーザ（鑑賞者）の体験として明確に設計要求したものとは言いがたい。,,鑑賞者,IPSJ-EC2024030.txt,本稿はエンベロープを用いた物語創作手法として、登場人物や鑑賞者の心情を操作する仕組みを詳細に説明しているが、ユーザー自身の感情状態を直接かつ明確に設計要件として定義しているわけではなく、EDAs（ユーザーの内面の感情変化を直接引き起こす仕組み）としては明示的ではない。,False
1,False,コンテンツは、食品におけるインタラクティブで視点依存の視覚変化を紹介しているが、これらの変化がユーザー自身の感情状態に直接影響を与えることを意図しているとは明確に述べていない。,False,この論文では、食用レンズおよびシステムデザインによって達成されたシミュレーション結果と視覚効果について議論しているが、ユーザーに期待される特定の感情反応（喜び、驚き、または驚嘆など）が引き起こされるという点については詳述されていない。,,この論文では、特定のユーザーの感情状態をデザイン目標として明示的に定義または指定していない。デザイン要件は、明確に定義された感情反応を意図的に引き出すのではなく、技術的手段を通じて可変な視覚的外観を達成することに焦点を当てている。,,,IPSJ-EC2024003.txt,3つのEDA条件のいずれも満たされていないため—ターゲットとなる感情反応の明確な仕様はなく、ユーザーの感情状態に影響を与えることを意図した明示的な目標もなく、特定の感情反応についての議論もない—この論文ではEDAを主要なデザインテーマとは扱っていない。,False
4,True,この研究は、VRの指差しタスク中にユーザーの感覚体験を意図的に変えるために、複数の種類の疑似ハプティックキューを導入しています。このデザインは、パフォーマンスや主観的体験に影響を与えるために、感じている状態（触覚の錯覚を通じて）を調整することを目的としています。,True,この論文は、疑似ハプティックフィードバックメカニズムを実装するだけでなく、パフォーマンス（例：移動時間、エラー率）やユーザーの主観的反応（例：触覚の報告、操作性、身体の所有感、空間認識）に対する影響を詳細に評価しています。これは、意図された感情反応が分析における主要な変数であることを明確に示しています。,ターゲットに触れているような感覚があった;ターゲットが表示されている場所で触れている感覚があった,この論文は、ユーザーがVRインタラクション中に知覚的感覚（錯触覚）や関連する主観的経験（例：触覚、空間および身体認識）を引き起こすために、疑似ハプティックフィードバック技術（例えば、指の変形、ターゲットの色の変化、ターゲット押し込み効果などの視覚的変化）を利用しています。これらの感覚は、独自のアンケートを通じて明示的に測定されており、デザインが特にユーザーの感情反応をターゲットにしていることを示しています。,,コンテンツユーザー,IPSJ-EC2024006.txt,特定の触覚および関連する感覚体験を引き起こすことを意図した疑似ハプティックフィードバックは、客観的なパフォーマンス測定と主観的なアンケートの両方を通じて徹底的に検証されています。デザイン要件は、別のデザインの命令として提示されるのではなく、実験方法と評価項目に埋め込まれているにもかかわらず、これらの感情反応を研究の核心的な側面として扱うことは明確です。したがって、明確さのスコアは比較的高いです。,True
1,False,内容は、ユーザーの内部感情状態を意図的に変化させることを明示的に目的としていません。特定の感情反応を引き起こすメカニズムを設計するのではなく、カスタマイズ可能な絵文字を通じて象徴的な感情表現を促進することに焦点を当てています。,False,この論文は、入力方法に関する使いやすさ、入力時間、ユーザーの印象を評価していますが、内容がユーザーに期待される内部感情反応（例：幸福、フラストレーション、達成感）については議論していません。,,この論文は、テキストコミュニケーションにおける微妙な感情のニュアンスを反映するために、絵文字のパーツ（涙やハートの数など）をカスタマイズすることに焦点を当てていますが、ユーザーに対して明確であいまいでないターゲット感情状態を明示または定義していません。デザイン要件は、ユーザーに特定の感情状態を直接誘発するのではなく、メッセージ内の感情を伝えることを目的としています。,,,IPSJ-EC2024005.txt,このシステムの設計は、微妙なメッセージ表現を可能にすることに集中しており、ユーザーの状態の明確に定義された意図的な感情の調整を組み込んでいないため、論文には明確なEDAの主要トピックがありません。,False
4,True,システムは、エンベロープの操作を通じてストーリー展開やドラマ性を制御することで、最終的に鑑賞者に特定の感情や心の動きを引き起こすことを狙いとしているため。,True,論文内では、エンベロープの値の変化によってどのような物語上の展開や感情の起伏が生じるかを具体例（ヒーローストーリーやロマンスストーリー）を用いて考察しており、意図する感情反応についても議論されているため。,エンベロープは鑑賞者及び登場人物の心の動きを表している．;心情：エンベロープの表現対象となる心理的または感情的特性（例：自信，好意）,本論文では、システムの中核概念として『エンベロープ』を用い、登場人物および鑑賞者の心の動き（例：幸福度、自信、好意、不安など）を数値化したパラメータで明確に定義しており、この設定は固定的に設計要件に盛り込まれているため。,,鑑賞者,IPSJ-EC2024030.txt,エンベロープを介した心の動きの定義とその操作方法がシステムの核として明確に示され、具体的な作例と考察を通じてその意図する効果（感情表現）が詳細に論じられているため。,True
1,False,システムは視点に応じて変化するビジュアルを用いてインタラクティブな食体験を作成するために使用されますが、ユーザーの感情状態に意図的に影響を与えることを目的とした明確であいまいでない設計要件はありません。,False,この論文は、視点に応じた外観の変化の技術的側面を論じ、アプリケーションの例を示していますが、ユーザーに喚起されることが期待される具体的な感情や感覚反応の種類を詳細に分析または説明していません。,,この論文は特定の感情反応（例：喜び、驚き、楽しさ）を設計要件として明示的に定義または特定していません。焦点は、食べられるレンズ食材を作成するための技術システムを示すことにあり、ユーザーの特定の感情状態を引き起こすことにはありません。,,,IPSJ-EC2024003.txt,EDA（特定の感情反応を直接誘発するメカニズム）のトピックは、この論文の主要なトピックではありません。代わりに、この研究は食べられるレンズアレイの光学設計、シミュレーション、および製造技術に焦点を当てており、ユーザーの感情を引き起こしたり分析したりすることには重点を置いていません。,False
2,True,このシステムは、触覚感覚を模擬する視覚的手がかりを導入するように意図的に設計されており、ユーザーの知覚される触覚経験に影響を与えることを目指している。これは、ユーザー自身の内部感情状態に影響を与えようとする意図を示している。,False,論文は、擬似触覚フィードバックがユーザーのパフォーマンスに与える影響について議論し、感情反応の性質を示す主観的な評価（例えば、「錯触覚」の評価など）を含んでいる。,,この論文は、ユーザーの触覚認識とパフォーマンスに影響を与えることを意図した擬似触覚フィードバック（色の変化、指の変形、ターゲットの深度の手がかりを通じて）を利用しているが、デザイン要件として明示的に明確に定義された内在的な感情反応を指定していない。感覚経験はパフォーマンスや主観的な質問票を通じてのみ間接的に扱われており、デザイン要件において明確に述べられていない。,,コンテンツユーザー,IPSJ-EC2024006.txt,この研究は擬似触覚フィードバックが主観的な経験やパフォーマンスに及ぼす影響を明確に分析し評価しているが、特定の感情状態の誘導を明示的かつ事前に定義されたデザイン目標とはしていない。したがって、EDA の役割は存在するが、主要な明確なデザインのトピックではない。,True
1,False,この内容は、絵文字の特徴を調整することによってテキストベースのコミュニケーションの表現力を高めることを目的としていますが、ユーザー自身の感情状態を意図的に変更することを明示的に目指していません。,False,この論文はカスタマイズ方法について議論し、使いやすさや表現効果を評価していますが、システムによって引き起こされるべき定義されたユーザーの感情に焦点を当てたり、それを説明したりしていません。,,この論文は、感情表現の変化を反映するための絵文字のパーツカスタマイズを可能にすることに焦点を当てていますが、設計要件として明確にターゲットとする内部の感情状態（ユーザーが感じるべき具体的な感情など）を指定していません。,,,IPSJ-EC2024005.txt,この論文の主題は絵文字のカスタマイズのための入力メカニズムに関するものであり、ユーザーの内部の感情を引き出したり調整したりすることに関するものではないため、ユーザーの感情との関わりは間接的であり、主な設計目標ではありません。,False
